Name;Brand;Variant;Variant color;Color code;SKU
Пылесос Dyson V8 Advanced;Dyson;Пылесос Dyson V8 Advanced;;;art_6095
Пылесос Dyson V8 Absolute;Dyson;Пылесос Dyson V8 Absolute;;;art_6094
Пылесос Dyson V11 Absolute;Dyson;Пылесос Dyson V11 Absolute;;;art_6093
Пылесос Dyson V11 Fluffy;Dyson;Пылесос Dyson V11 Fluffy;;;art_6092
Пылесос Dyson Cyclone V10 Animal;Dyson;Пылесос Dyson Cyclone V10 Animal;;;art_6091
Пылесос Dyson Cinetic Big Ball Absolute 2;Dyson;Пылесос Dyson Cinetic Big Ball Absolute 2;;;art_6090
Пылесос Dyson V8 Origin;Dyson;Пылесос Dyson V8 Origin;;;art_6089
Пылесос Dyson Cyclone V10 Absolute;Dyson;Пылесос Dyson Cyclone V10 Absolute;;;art_6088
Пылесос Dyson SV50 PencilVac Fluffycones;Dyson;Пылесос Dyson SV50 PencilVac Fluffycones;;;art_6087
Пылесос Dyson Gen5detect Absolute SV23;Dyson;Пылесос Dyson Gen5detect Absolute SV23;;;art_6086
Робот-пылесос Dyson 360 Vis Nav;Dyson;Робот-пылесос Dyson 360 Vis Nav;;;art_6085
Пылесос Dyson V11 2023;Dyson;Пылесос Dyson V11 2023;;;art_6084
Пылесос Dyson SV50 PencilVac Fluffy;Dyson;Пылесос Dyson SV50 PencilVac Fluffy;;;art_6083
Пылесос Dyson Gen5detect Absolute;Dyson;Пылесос Dyson Gen5detect Absolute;;;art_6082
Вертикальный моющий пылесос Dyson WashG1;Dyson;Вертикальный моющий пылесос Dyson WashG1;;;art_6081
Пылесос Dyson V11 Advanced;Dyson;Пылесос Dyson V11 Advanced;;;art_6080
Пылесос Dyson V12 Detect Slim Absolute;Dyson;Пылесос Dyson V12 Detect Slim Absolute;;;art_6079
Пылесос Dyson V12s Detect Slim Submarine;Dyson;Пылесос Dyson V12s Detect Slim Submarine;;;art_6078
Пылесос Dyson V15 Detect Absolute;Dyson;Пылесос Dyson V15 Detect Absolute;;;art_6077
Вертикальный пылесос с влажной уборкой Dyson V15s Detect Submarine;Dyson;Вертикальный пылесос с влажной уборкой Dyson V15s Detect Submarine;;;art_6076
Фен Dyson Supersonic Nural HD16 Vinca Blue/Topaz;Dyson;Фен Dyson Supersonic Nural HD16 Vinca Blue/Topaz;;;art_6075
Фен Dyson Supersonic Nural HD16 Strawberry Bronze/Blush Pink;Dyson;Фен Dyson Supersonic Nural HD16 Strawberry Bronze/Blush Pink;;;art_6074
Фен Dyson Supersonic Nural HD16 Red Velvet/Gold;Dyson;Фен Dyson Supersonic Nural HD16 Red Velvet/Gold;;;art_6073
Фен Dyson Supersonic Nural HD16 Prussian Blue/Rich Copper;Dyson;Фен Dyson Supersonic Nural HD16 Prussian Blue/Rich Copper;;;art_6072
Фен Dyson Supersonic Nural HD16 Kanzan Pink;Dyson;Фен Dyson Supersonic Nural HD16 Kanzan Pink;;;art_6071
Фен Dyson Supersonic Nural HD16 Jasper Plum;Dyson;Фен Dyson Supersonic Nural HD16 Jasper Plum;;;art_6070
Фен Dyson Supersonic Nural HD16 Ceramic Pink/Rose Gold;Dyson;Фен Dyson Supersonic Nural HD16 Ceramic Pink/Rose Gold;;;art_6069
Фен Dyson Supersonic Nural HD16 Ceramic Patina/Topaz;Dyson;Фен Dyson Supersonic Nural HD16 Ceramic Patina/Topaz;;;art_6068
Фен Dyson Supersonic Nural HD16 Amber Silk;Dyson;Фен Dyson Supersonic Nural HD16 Amber Silk;;;art_6067
Фен Dyson Supersonic R HD17 Kanzan Pink;Dyson;Фен Dyson Supersonic R HD17 Kanzan Pink;;;art_6066
Фен Dyson Supersonic R HD17 Jasper Plum;Dyson;Фен Dyson Supersonic R HD17 Jasper Plum;;;art_6065
Фен Dyson Supersonic R HD17 Ceramic Pink/Rose Gold;Dyson;Фен Dyson Supersonic R HD17 Ceramic Pink/Rose Gold;;;art_6064
Фен Dyson Supersonic R HD17 Amber Silk;Dyson;Фен Dyson Supersonic R HD17 Amber Silk;;;art_6063
Фен Dyson Supersonic R Professional HD18 Vinca Blue/Topaz;Dyson;Фен Dyson Supersonic R Professional HD18 Vinca Blue/Topaz;;;art_6062
Фен Dyson Supersonic R Professional HD18 Ceramic Patina/Topaz;Dyson;Фен Dyson Supersonic R Professional HD18 Ceramic Patina/Topaz;;;art_6061
Фен-стайлер Dyson Airwrap Complete Long HS05 Vinca Blue/Rose;Dyson;Фен-стайлер Dyson Airwrap Complete Long HS05 Vinca Blue/Rose;;;art_6060
Фен-стайлер Dyson Airwrap Complete Long HS05 Topaz/Orange;Dyson;Фен-стайлер Dyson Airwrap Complete Long HS05 Topaz/Orange;;;art_6059
Фен-стайлер Dyson Airwrap Complete Long HS05 Strawberry Bronze/Blush Pink;Dyson;Фен-стайлер Dyson Airwrap Complete Long HS05 Strawberry Bronze/Blush Pink;;;art_6058
Фен-стайлер Dyson Airwrap Complete Long HS05 Prussian Blue/Topaz;Dyson;Фен-стайлер Dyson Airwrap Complete Long HS05 Prussian Blue/Topaz;;;art_6057
Фен-стайлер Dyson Airwrap Complete Long HS05 Prussian Blue/Rich Copper;Dyson;Фен-стайлер Dyson Airwrap Complete Long HS05 Prussian Blue/Rich Copper;;;art_6056
Фен-стайлер Dyson Airwrap Complete Long HS05 Onyx Black/Gold;Dyson;Фен-стайлер Dyson Airwrap Complete Long HS05 Onyx Black/Gold;;;art_6055
Фен-стайлер Dyson Airwrap Complete Long HS05 Nickel/Copper;Dyson;Фен-стайлер Dyson Airwrap Complete Long HS05 Nickel/Copper;;;art_6054
Фен-стайлер Dyson Airwrap Complete Long HS05 Fuchsia/Nickel;Dyson;Фен-стайлер Dyson Airwrap Complete Long HS05 Fuchsia/Nickel;;;art_6053
Фен-стайлер Dyson Airwrap Complete Long HS05 Copper/Nickel;Dyson;Фен-стайлер Dyson Airwrap Complete Long HS05 Copper/Nickel;;;art_6052
Фен-стайлер Dyson Airwrap Complete Long HS05 Ceramic Pop;Dyson;Фен-стайлер Dyson Airwrap Complete Long HS05 Ceramic Pop;;;art_6051
Фен-стайлер Dyson Airwrap Complete Long HS05 Ceramic Pink/Rose Gold;Dyson;Фен-стайлер Dyson Airwrap Complete Long HS05 Ceramic Pink/Rose Gold;;;art_6050
Фен-стайлер Dyson Airwrap Complete Long HS05 Blue/Blush;Dyson;Фен-стайлер Dyson Airwrap Complete Long HS05 Blue/Blush;;;art_6049
Фен-стайлер Dyson Airwrap Complete Long HS08 i.d. Vinca Blue/Topaz;Dyson;Фен-стайлер Dyson Airwrap Complete Long HS08 i.d. Vinca Blue/Topaz;;;art_6048
Фен-стайлер Dyson Airwrap Complete Long HS08 i.d. Strawberry Bronze/Blush Pink;Dyson;Фен-стайлер Dyson Airwrap Complete Long HS08 i.d. Strawberry Bronze/Blush Pink;;;art_6047
Фен-стайлер Dyson Airwrap Complete Long HS08 i.d. Red Velvet/Gold;Dyson;Фен-стайлер Dyson Airwrap Complete Long HS08 i.d. Red Velvet/Gold;;;art_6046
Фен-стайлер Dyson Airwrap Complete Long HS08 i.d. Prussian Blue/Rich Copper;Dyson;Фен-стайлер Dyson Airwrap Complete Long HS08 i.d. Prussian Blue/Rich Copper;;;art_6045
Фен-стайлер Dyson Airwrap Complete Long HS08 i.d. Kanzan Pink;Dyson;Фен-стайлер Dyson Airwrap Complete Long HS08 i.d. Kanzan Pink;;;art_6044
Фен-стайлер Dyson Airwrap Complete Long HS08 i.d. Jasper Plum;Dyson;Фен-стайлер Dyson Airwrap Complete Long HS08 i.d. Jasper Plum;;;art_6043
Фен-стайлер Dyson Airwrap Complete Long HS08 i.d. Ceramic Pink/Rose Gold;Dyson;Фен-стайлер Dyson Airwrap Complete Long HS08 i.d. Ceramic Pink/Rose Gold;;;art_6042
Фен-стайлер Dyson Airwrap Complete Long HS08 i.d. Ceramic Patina/Topaz;Dyson;Фен-стайлер Dyson Airwrap Complete Long HS08 i.d. Ceramic Patina/Topaz;;;art_6041
Фен-стайлер Dyson Airwrap Complete Long HS08 i.d. Amber Silk;Dyson;Фен-стайлер Dyson Airwrap Complete Long HS08 i.d. Amber Silk;;;art_6040
Выпрямитель Dyson Airstrait Straightener HT01 Strawberry Bronze/Blush Pink;Dyson;Выпрямитель Dyson Airstrait Straightener HT01 Strawberry Bronze/Blush Pink;;;art_6039
Выпрямитель Dyson Airstrait Straightener HT01 Red Velvet/Gold;Dyson;Выпрямитель Dyson Airstrait Straightener HT01 Red Velvet/Gold;;;art_6038
Выпрямитель Dyson Airstrait Straightener HT01 Prussian Blue/Rich Copper;Dyson;Выпрямитель Dyson Airstrait Straightener HT01 Prussian Blue/Rich Copper;;;art_6037
Выпрямитель Dyson Airstrait Straightener HT01 Onyx Black/Gold;Dyson;Выпрямитель Dyson Airstrait Straightener HT01 Onyx Black/Gold;;;art_6036
Выпрямитель Dyson Airstrait Straightener HT01 Nickel/Copper;Dyson;Выпрямитель Dyson Airstrait Straightener HT01 Nickel/Copper;;;art_6035
Выпрямитель Dyson Airstrait Straightener HT01 Kanzan Pink;Dyson;Выпрямитель Dyson Airstrait Straightener HT01 Kanzan Pink;;;art_6034
Выпрямитель Dyson Airstrait Straightener HT01 Jasper Plum;Dyson;Выпрямитель Dyson Airstrait Straightener HT01 Jasper Plum;;;art_6033
Выпрямитель Dyson Airstrait Straightener HT01 Ceramic Pink/Rose Gold;Dyson;Выпрямитель Dyson Airstrait Straightener HT01 Ceramic Pink/Rose Gold;;;art_6032
Выпрямитель Dyson Airstrait Straightener HT01 Amber Silk;Dyson;Выпрямитель Dyson Airstrait Straightener HT01 Amber Silk;;;art_6031
Фен-стайлер Dyson Airwrap Co-anda2x HS09 Jasper Plum;Dyson;Фен-стайлер Dyson Airwrap Co-anda2x HS09 Jasper Plum;;;art_6030
Фен-стайлер Dyson Airwrap Co-anda2x HS09 Ceramic Pink/Rose Gold;Dyson;Фен-стайлер Dyson Airwrap Co-anda2x HS09 Ceramic Pink/Rose Gold;;;art_6029
Фен-стайлер Dyson Airwrap Co-anda2x HS09 Amber Silk;Dyson;Фен-стайлер Dyson Airwrap Co-anda2x HS09 Amber Silk;;;art_6028
Игровая приставка Sony PlayStation 5 Pro;Sony;Игровая приставка Sony PlayStation 5 Pro;;;art_6027
Игровая приставка Sony PlayStation 5 Pro (с дисководом);Sony;Игровая приставка Sony PlayStation 5 Pro (с дисководом);;;art_6026
Игровая приставка Sony PlayStation 5 Digital Edition;Sony;Игровая приставка Sony PlayStation 5 Digital Edition;;;art_6025
Игровая приставка Sony PlayStation 5;Sony;Игровая приставка Sony PlayStation 5;;;art_6024
Игровая приставка Sony PlayStation 5 Slim;Sony;Игровая приставка Sony PlayStation 5 Slim;;;art_6023
Игровая приставка Sony PlayStation 5 Slim Digital Edition;Sony;Игровая приставка Sony PlayStation 5 Slim Digital Edition;;;art_6022
Игровая приставка Valve Steam Deck 64Gb;Steam Deck;Игровая приставка Valve Steam Deck 64Gb;;;art_6021
Игровая приставка Valve Steam Deck 512Gb;Steam Deck;Игровая приставка Valve Steam Deck 512Gb;;;art_6020
Игровая приставка Valve Steam Deck 256Gb;Steam Deck;Игровая приставка Valve Steam Deck 256Gb;;;art_6019
Игровая приставка Valve Steam Deck OLED 512Gb;Steam Deck;Игровая приставка Valve Steam Deck OLED 512Gb;;;art_6018
Игровая приставка Valve Steam Deck OLED 1Tb;Steam Deck;Игровая приставка Valve Steam Deck OLED 1Tb;;;art_6017
Игровая приставка Sony PlayStation Portal;Sony;Игровая приставка Sony PlayStation Portal;;;art_6016
Игровая приставка Nintendo Switch Lite Yellow;Nintendo;Игровая приставка Nintendo Switch Lite Yellow;;;art_6015
Игровая приставка Nintendo Switch Lite Turquoise;Nintendo;Игровая приставка Nintendo Switch Lite Turquoise;;;art_6014
Игровая приставка Nintendo Switch Lite Gray;Nintendo;Игровая приставка Nintendo Switch Lite Gray;;;art_6013
Игровая приставка Nintendo Switch Lite Coral;Nintendo;Игровая приставка Nintendo Switch Lite Coral;;;art_6012
Игровая приставка Nintendo Switch Lite Blue;Nintendo;Игровая приставка Nintendo Switch Lite Blue;;;art_6011
Игровая приставка Nintendo Switch OLED White;Nintendo;Игровая приставка Nintendo Switch OLED White;;;art_6010
Игровая приставка Nintendo Switch OLED Neon Red/Blue;Nintendo;Игровая приставка Nintendo Switch OLED Neon Red/Blue;;;art_6009
Игровая приставка Nintendo Switch OLED Mario Red;Nintendo;Игровая приставка Nintendo Switch OLED Mario Red;;;art_6008
Игровая приставка Nintendo Switch 2;Nintendo;Игровая приставка Nintendo Switch 2;;;art_6007
Игровая приставка Microsoft Xbox Series S 512Gb White;Microsoft;Игровая приставка Microsoft Xbox Series S 512Gb White;;;art_6006
Игровая приставка Microsoft Xbox Series S 1Tb White;Microsoft;Игровая приставка Microsoft Xbox Series S 1Tb White;;;art_6005
Игровая приставка Microsoft Xbox Series S 1Tb Black;Microsoft;Игровая приставка Microsoft Xbox Series S 1Tb Black;;;art_6004
Автономная VR-гарнитура Meta Quest 3S 256Gb;Oculus;Автономная VR-гарнитура Meta Quest 3S 256Gb;;;art_6003
Автономная VR-гарнитура Meta Quest 3S 128Gb;Oculus;Автономная VR-гарнитура Meta Quest 3S 128Gb;;;art_6002
Автономная VR-гарнитура Meta Quest 3 512Gb;Oculus;Автономная VR-гарнитура Meta Quest 3 512Gb;;;art_6001
Автономная VR-гарнитура Meta Quest 3 128Gb;Oculus;Автономная VR-гарнитура Meta Quest 3 128Gb;;;art_6000
Игровая приставка Microsoft Xbox Series X Digital Edition 1Tb White;Microsoft;Игровая приставка Microsoft Xbox Series X Digital Edition 1Tb White;;;art_5999
Игровая приставка Microsoft Xbox Series X 1Tb Black;Microsoft;Игровая приставка Microsoft Xbox Series X 1Tb Black;;;art_5998
Автономная VR-гарнитура Meta Quest Pro 256Gb;Oculus;Автономная VR-гарнитура Meta Quest Pro 256Gb;;;art_5997
Патибокс JBL PartyBox Encore 2 + 1 Wireless Mic;JBL;Патибокс JBL PartyBox Encore 2 + 1 Wireless Mic;;;art_5996
Патибокс JBL Partybox Encore Essential 2;JBL;Патибокс JBL Partybox Encore Essential 2;;;art_5995
Патибокс JBL Partybox Encore + 2 Wireless Mics;JBL;Патибокс JBL Partybox Encore + 2 Wireless Mics;;;art_5994
Патибокс JBL Partybox Encore + 1 Wireless Mic;JBL;Патибокс JBL Partybox Encore + 1 Wireless Mic;;;art_5993
Патибокс JBL Partybox Encore Essential;JBL;Патибокс JBL Partybox Encore Essential;;;art_5992
Беспроводная колонка JBL PartyBox On-The-Go;JBL;Беспроводная колонка JBL PartyBox On-The-Go;;;art_5991
Колонка для вечеринок JBL PartyBox Ultimate;JBL;Колонка для вечеринок JBL PartyBox Ultimate;;;art_5990
Колонка для вечеринок JBL PartyBox Club 120 White;JBL;Колонка для вечеринок JBL PartyBox Club 120 White;;;art_5989
Колонка для вечеринок JBL PartyBox Club 120 Black;JBL;Колонка для вечеринок JBL PartyBox Club 120 Black;;;art_5988
Колонка для вечеринок JBL PartyBox Stage 320 White;JBL;Колонка для вечеринок JBL PartyBox Stage 320 White;;;art_5987
Колонка для вечеринок JBL PartyBox Stage 320 Black;JBL;Колонка для вечеринок JBL PartyBox Stage 320 Black;;;art_5986
Беспроводная колонка JBL Xtreme 3 Squad;JBL;Беспроводная колонка JBL Xtreme 3 Squad;;;art_5985
Беспроводная колонка JBL Xtreme 3 Gray;JBL;Беспроводная колонка JBL Xtreme 3 Gray;;;art_5984
Беспроводная колонка JBL Xtreme 3 Blue;JBL;Беспроводная колонка JBL Xtreme 3 Blue;;;art_5983
Беспроводная колонка JBL Xtreme 3 Black;JBL;Беспроводная колонка JBL Xtreme 3 Black;;;art_5982
Беспроводная колонка JBL Xtreme 4 Blue;JBL;Беспроводная колонка JBL Xtreme 4 Blue;;;art_5981
Беспроводная колонка JBL Xtreme 4 Black Camo;JBL;Беспроводная колонка JBL Xtreme 4 Black Camo;;;art_5980
Беспроводная колонка JBL Xtreme 4 Black;JBL;Беспроводная колонка JBL Xtreme 4 Black;;;art_5979
Беспроводная колонка JBL Pulse 5;JBL;Беспроводная колонка JBL Pulse 5;;;art_5978
Беспроводная колонка JBL PartyBox 1000;JBL;Беспроводная колонка JBL PartyBox 1000;;;art_5977
Беспроводная колонка JBL Boombox 2 Squad;JBL;Беспроводная колонка JBL Boombox 2 Squad;;;art_5976
Беспроводная колонка JBL Boombox 2 Black;JBL;Беспроводная колонка JBL Boombox 2 Black;;;art_5975
Беспроводная аудиосистема JBL Boombox 3 Wi-Fi;JBL;Беспроводная аудиосистема JBL Boombox 3 Wi-Fi;;;art_5974
Беспроводная колонка JBL Boombox 3 Squad;JBL;Беспроводная колонка JBL Boombox 3 Squad;;;art_5973
Беспроводная колонка JBL Boombox 3 Black;JBL;Беспроводная колонка JBL Boombox 3 Black;;;art_5972
Умная колонка JBL Authentics 200;JBL;Умная колонка JBL Authentics 200;;;art_5971
Умная колонка Apple HomePod Mini Yellow;Apple;Умная колонка Apple HomePod Mini Yellow;;;art_5970
Умная колонка Apple HomePod Mini White;Apple;Умная колонка Apple HomePod Mini White;;;art_5969
Умная колонка Apple HomePod Mini Space Gray;Apple;Умная колонка Apple HomePod Mini Space Gray;;;art_5968
Умная колонка Apple HomePod Mini Orange;Apple;Умная колонка Apple HomePod Mini Orange;;;art_5967
Умная колонка Apple HomePod Mini Blue;Apple;Умная колонка Apple HomePod Mini Blue;;;art_5966
Умная колонка Apple HomePod 2 White;Apple;Умная колонка Apple HomePod 2 White;;;art_5965
Умная колонка Apple HomePod 2 Midnight;Apple;Умная колонка Apple HomePod 2 Midnight;;;art_5964
Умная колонка JBL Authentics 500;JBL;Умная колонка JBL Authentics 500;;;art_5963
Умная колонка JBL Authentics 300;JBL;Умная колонка JBL Authentics 300;;;art_5962
Наушники Sony WF-1000XM5 Smoky Pink;Sony;Наушники Sony WF-1000XM5 Smoky Pink;;;art_5961
Наушники Sony WF-1000XM5 Platinum Silver;Sony;Наушники Sony WF-1000XM5 Platinum Silver;;;art_5960
Наушники Sony WF-1000XM5 Black;Sony;Наушники Sony WF-1000XM5 Black;;;art_5959
Наушники Sony ULT Power Sound Wear WH-ULT900N Off White;Sony;Наушники Sony ULT Power Sound Wear WH-ULT900N Off White;;;art_5958
Наушники Sony ULT Power Sound Wear WH-ULT900N Forest Grey;Sony;Наушники Sony ULT Power Sound Wear WH-ULT900N Forest Grey;;;art_5957
Наушники Sony ULT Power Sound Wear WH-ULT900N Black;Sony;Наушники Sony ULT Power Sound Wear WH-ULT900N Black;;;art_5956
Наушники Sony WH-1000XM4 Silver;Sony;Наушники Sony WH-1000XM4 Silver;;;art_5955
Наушники Sony WH-1000XM4 Midnight Blue;Sony;Наушники Sony WH-1000XM4 Midnight Blue;;;art_5954
Наушники Sony WH-1000XM4 Black;Sony;Наушники Sony WH-1000XM4 Black;;;art_5953
Наушники Sony WH-1000XM4 Beige;Sony;Наушники Sony WH-1000XM4 Beige;;;art_5952
Наушники Sony WH-1000XM5 Smoky Pink;Sony;Наушники Sony WH-1000XM5 Smoky Pink;;;art_5951
Наушники Sony WH-1000XM5 Silver;Sony;Наушники Sony WH-1000XM5 Silver;;;art_5950
Наушники Sony WH-1000XM5 Midnight Blue;Sony;Наушники Sony WH-1000XM5 Midnight Blue;;;art_5949
Наушники Sony WH-1000XM5 Black;Sony;Наушники Sony WH-1000XM5 Black;;;art_5948
Наушники Apple AirPods Max (с разъёмом USB-C) Starlight;Apple;Наушники Apple AirPods Max (с разъёмом USB-C) Starlight;;;art_5947
Наушники Apple AirPods Max (с разъёмом USB-C) Purple;Apple;Наушники Apple AirPods Max (с разъёмом USB-C) Purple;;;art_5946
Наушники Apple AirPods Max (с разъёмом USB-C) Orange;Apple;Наушники Apple AirPods Max (с разъёмом USB-C) Orange;;;art_5945
Наушники Apple AirPods Max (с разъёмом USB-C) Midnight;Apple;Наушники Apple AirPods Max (с разъёмом USB-C) Midnight;;;art_5944
Наушники Apple AirPods Max (с разъёмом USB-C) Blue;Apple;Наушники Apple AirPods Max (с разъёмом USB-C) Blue;;;art_5943
Наушники Apple AirPods Max Lightning Space Gray;Apple;Наушники Apple AirPods Max Lightning Space Gray;;;art_5942
Наушники Apple AirPods Max Lightning Sky Blue;Apple;Наушники Apple AirPods Max Lightning Sky Blue;;;art_5941
Наушники Apple AirPods Max Lightning Silver;Apple;Наушники Apple AirPods Max Lightning Silver;;;art_5940
Наушники Apple AirPods Max Lightning Pink;Apple;Наушники Apple AirPods Max Lightning Pink;;;art_5939
Наушники Apple AirPods Max Lightning Green;Apple;Наушники Apple AirPods Max Lightning Green;;;art_5938
Наушники Apple AirPods Pro 2 Lightning;Apple;Наушники Apple AirPods Pro 2 Lightning;;;art_5937
Наушники Apple Airpods Pro 2 USB-C;Apple;Наушники Apple Airpods Pro 2 USB-C;;;art_5936
Наушники Sony WH-1000XM6 Platinum Silver;Apple;Наушники Sony WH-1000XM6 Platinum Silver;;;art_5935
Наушники Sony WH-1000XM6 Midnight Blue;Apple;Наушники Sony WH-1000XM6 Midnight Blue;;;art_5934
Наушники Sony WH-1000XM6 Black;Apple;Наушники Sony WH-1000XM6 Black;;;art_5933
Наушники Apple AirPods 4 (без активного шумоподавления);Apple;Наушники Apple AirPods 4 (без активного шумоподавления);;;art_5932
Наушники Apple AirPods 4 (с активным шумоподавлением);Apple;Наушники Apple AirPods 4 (с активным шумоподавлением);;;art_5931
Наушники Apple AirPods 3 (без поддержки MagSafe);Apple;Наушники Apple AirPods 3 (без поддержки MagSafe);;;art_5930
Наушники Apple AirPods 3 (с поддержкой MagSafe);Apple;Наушники Apple AirPods 3 (с поддержкой MagSafe);;;art_5929
Наушники Apple AirPods Pro 3;Apple;Наушники Apple AirPods Pro 3;;;art_5928
Ноутбук Apple Macbook Pro 14.2 M3 2023 8-Core CPU 8Gb/512Gb Space Gray;Apple;Ноутбук Apple Macbook Pro 14.2 M3 2023 8-Core CPU 8Gb/512Gb Space Gray;;;art_5927
Ноутбук Apple Macbook Pro 14.2 M3 2023 8-Core CPU 8Gb/512Gb Silver;Apple;Ноутбук Apple Macbook Pro 14.2 M3 2023 8-Core CPU 8Gb/512Gb Silver;;;art_5926
Ноутбук Apple Macbook Pro 14.2 M3 2023 8-Core CPU 8Gb/1Tb Space Gray;Apple;Ноутбук Apple Macbook Pro 14.2 M3 2023 8-Core CPU 8Gb/1Tb Space Gray;;;art_5925
Ноутбук Apple Macbook Pro 14.2 M3 2023 8-Core CPU 8Gb/1Tb Silver;Apple;Ноутбук Apple Macbook Pro 14.2 M3 2023 8-Core CPU 8Gb/1Tb Silver;;;art_5924
Ноутбук Apple Macbook Pro 14.2 M3 2023 8-Core CPU 16Gb/1Tb Space Gray;Apple;Ноутбук Apple Macbook Pro 14.2 M3 2023 8-Core CPU 16Gb/1Tb Space Gray;;;art_5923
Ноутбук Apple Macbook Pro 14.2 M3 2023 8-Core CPU 16Gb/1Tb Silver;Apple;Ноутбук Apple Macbook Pro 14.2 M3 2023 8-Core CPU 16Gb/1Tb Silver;;;art_5922
Ноутбук Apple Macbook Pro 14.2 M4 2024 10-Core CPU 24Gb/1Tb Space Black;Apple;Ноутбук Apple Macbook Pro 14.2 M4 2024 10-Core CPU 24Gb/1Tb Space Black;;;art_5921
Ноутбук Apple Macbook Pro 14.2 M4 2024 10-Core CPU 24Gb/1Tb Silver;Apple;Ноутбук Apple Macbook Pro 14.2 M4 2024 10-Core CPU 24Gb/1Tb Silver;;;art_5920
Ноутбук Apple Macbook Pro 14.2 M4 2024 10-Core CPU 16Gb/512Gb Space Black;Apple;Ноутбук Apple Macbook Pro 14.2 M4 2024 10-Core CPU 16Gb/512Gb Space Black;;;art_5919
Ноутбук Apple Macbook Pro 14.2 M4 2024 10-Core CPU 16Gb/512Gb Silver;Apple;Ноутбук Apple Macbook Pro 14.2 M4 2024 10-Core CPU 16Gb/512Gb Silver;;;art_5918
Ноутбук Apple Macbook Pro 14.2 M4 2024 10-Core CPU 16Gb/1Tb Space Black;Apple;Ноутбук Apple Macbook Pro 14.2 M4 2024 10-Core CPU 16Gb/1Tb Space Black;;;art_5917
Ноутбук Apple Macbook Pro 14.2 M4 2024 10-Core CPU 16Gb/1Tb Silver;Apple;Ноутбук Apple Macbook Pro 14.2 M4 2024 10-Core CPU 16Gb/1Tb Silver;;;art_5916
Ноутбук Apple Macbook Pro 14.2 M3 Pro 2023 11-Core CPU 18Gb/512Gb Space Black;Apple;Ноутбук Apple Macbook Pro 14.2 M3 Pro 2023 11-Core CPU 18Gb/512Gb Space Black;;;art_5915
Ноутбук Apple Macbook Pro 14.2 M3 Pro 2023 11-Core CPU 18Gb/512Gb Silver;Apple;Ноутбук Apple Macbook Pro 14.2 M3 Pro 2023 11-Core CPU 18Gb/512Gb Silver;;;art_5914
Ноутбук Apple Macbook Pro 14.2 M3 Pro 2023 12-Core CPU 18Gb/1Tb Space Black;Apple;Ноутбук Apple Macbook Pro 14.2 M3 Pro 2023 12-Core CPU 18Gb/1Tb Space Black;;;art_5913
Ноутбук Apple Macbook Pro 14.2 M3 Pro 2023 12-Core CPU 18Gb/1Tb Silver;Apple;Ноутбук Apple Macbook Pro 14.2 M3 Pro 2023 12-Core CPU 18Gb/1Tb Silver;;;art_5912
Ноутбук Apple Macbook Pro 14.2 M3 Max 2023 14-Core CPU 36Gb/1Tb Space Black;Apple;Ноутбук Apple Macbook Pro 14.2 M3 Max 2023 14-Core CPU 36Gb/1Tb Space Black;;;art_5911
Ноутбук Apple Macbook Pro 14.2 M3 Max 2023 14-Core CPU 36Gb/1Tb Silver;Apple;Ноутбук Apple Macbook Pro 14.2 M3 Max 2023 14-Core CPU 36Gb/1Tb Silver;;;art_5910
Ноутбук Apple Macbook Pro 14.2 M4 Pro 2024 12-Core CPU 24Gb/512Gb Space Black;Apple;Ноутбук Apple Macbook Pro 14.2 M4 Pro 2024 12-Core CPU 24Gb/512Gb Space Black;;;art_5909
Ноутбук Apple Macbook Pro 14.2 M4 Pro 2024 12-Core CPU 24Gb/512Gb Silver;Apple;Ноутбук Apple Macbook Pro 14.2 M4 Pro 2024 12-Core CPU 24Gb/512Gb Silver;;;art_5908
Ноутбук Apple Macbook Pro 14.2 M4 Pro 2024 14-Core CPU 24Gb/1Tb Space Black;Apple;Ноутбук Apple Macbook Pro 14.2 M4 Pro 2024 14-Core CPU 24Gb/1Tb Space Black;;;art_5907
Ноутбук Apple Macbook Pro 14.2 M4 Pro 2024 14-Core CPU 24Gb/1Tb Silver;Apple;Ноутбук Apple Macbook Pro 14.2 M4 Pro 2024 14-Core CPU 24Gb/1Tb Silver;;;art_5906
Ноутбук Apple Macbook Pro 14.2 M4 Max 2024 14-Core CPU 36Gb/1Tb Space Black;Apple;Ноутбук Apple Macbook Pro 14.2 M4 Max 2024 14-Core CPU 36Gb/1Tb Space Black;;;art_5905
Ноутбук Apple Macbook Pro 14.2 M4 Max 2024 14-Core CPU 36Gb/1Tb Silver;Apple;Ноутбук Apple Macbook Pro 14.2 M4 Max 2024 14-Core CPU 36Gb/1Tb Silver;;;art_5904
Ноутбук Apple Macbook Air 13 M3 8Gb/512Gb Starlight;Apple;Ноутбук Apple Macbook Air 13 M3 8Gb/512Gb Starlight;;;art_5903
Ноутбук Apple Macbook Air 13 M3 8Gb/512Gb Space Black;Apple;Ноутбук Apple Macbook Air 13 M3 8Gb/512Gb Space Black;;;art_5902
Ноутбук Apple Macbook Air 13 M3 8Gb/512Gb Silver;Apple;Ноутбук Apple Macbook Air 13 M3 8Gb/512Gb Silver;;;art_5901
Ноутбук Apple Macbook Air 13 M3 8Gb/512Gb Midnight;Apple;Ноутбук Apple Macbook Air 13 M3 8Gb/512Gb Midnight;;;art_5900
Ноутбук Apple Macbook Air 13 M3 8Gb/256Gb Starlight;Apple;Ноутбук Apple Macbook Air 13 M3 8Gb/256Gb Starlight;;;art_5899
Ноутбук Apple Macbook Air 13 M3 8Gb/256Gb Space Black;Apple;Ноутбук Apple Macbook Air 13 M3 8Gb/256Gb Space Black;;;art_5898
Ноутбук Apple Macbook Pro 16.2 M3 Pro 2023 12-Core CPU 36Gb/512Gb Space Black;Apple;Ноутбук Apple Macbook Pro 16.2 M3 Pro 2023 12-Core CPU 36Gb/512Gb Space Black;;;art_5897
Ноутбук Apple Macbook Pro 16.2 M3 Pro 2023 12-Core CPU 36Gb/512Gb Silver;Apple;Ноутбук Apple Macbook Pro 16.2 M3 Pro 2023 12-Core CPU 36Gb/512Gb Silver;;;art_5896
Ноутбук Apple Macbook Pro 16.2 M3 Pro 2023 12-Core CPU 18Gb/512Gb Space Black;Apple;Ноутбук Apple Macbook Pro 16.2 M3 Pro 2023 12-Core CPU 18Gb/512Gb Space Black;;;art_5895
Ноутбук Apple Macbook Pro 16.2 M3 Pro 2023 12-Core CPU 18Gb/512Gb Silver;Apple;Ноутбук Apple Macbook Pro 16.2 M3 Pro 2023 12-Core CPU 18Gb/512Gb Silver;;;art_5894
Ноутбук Apple Macbook Pro 16.2 M3 Max 2023 14-Core CPU 36Gb/1Tb Silver;Apple;Ноутбук Apple Macbook Pro 16.2 M3 Max 2023 14-Core CPU 36Gb/1Tb Silver;;;art_5893
Ноутбук Apple Macbook Pro 16.2 M3 Max 2023 14-Core CPU 36Gb/1Tb Space Black;Apple;Ноутбук Apple Macbook Pro 16.2 M3 Max 2023 14-Core CPU 36Gb/1Tb Space Black;;;art_5892
Ноутбук Apple Macbook Pro 16.2 M4 Pro 2024 14-Core CPU 48Gb/512Gb Space Black;Apple;Ноутбук Apple Macbook Pro 16.2 M4 Pro 2024 14-Core CPU 48Gb/512Gb Space Black;;;art_5891
Ноутбук Apple Macbook Pro 16.2 M4 Pro 2024 14-Core CPU 48Gb/512Gb Silver;Apple;Ноутбук Apple Macbook Pro 16.2 M4 Pro 2024 14-Core CPU 48Gb/512Gb Silver;;;art_5890
Ноутбук Apple Macbook Pro 16.2 M4 Pro 2024 14-Core CPU 24Gb/512Gb Space Black;Apple;Ноутбук Apple Macbook Pro 16.2 M4 Pro 2024 14-Core CPU 24Gb/512Gb Space Black;;;art_5889
Ноутбук Apple Macbook Pro 16.2 M4 Pro 2024 14-Core CPU 24Gb/512Gb Silver;Apple;Ноутбук Apple Macbook Pro 16.2 M4 Pro 2024 14-Core CPU 24Gb/512Gb Silver;;;art_5888
Ноутбук Apple Macbook Pro 16.2 M4 Max 2024 14-Core CPU 36Gb/1Tb Space Black;Apple;Ноутбук Apple Macbook Pro 16.2 M4 Max 2024 14-Core CPU 36Gb/1Tb Space Black;;;art_5887
Ноутбук Apple Macbook Pro 16.2 M4 Max 2024 14-Core CPU 36Gb/1Tb Silver;Apple;Ноутбук Apple Macbook Pro 16.2 M4 Max 2024 14-Core CPU 36Gb/1Tb Silver;;;art_5886
Ноутбук Apple Macbook Air 13 M3 8Gb/256Gb Silver;Apple;Ноутбук Apple Macbook Air 13 M3 8Gb/256Gb Silver;;;art_5885
Ноутбук Apple Macbook Air 13 M3 8Gb/256Gb Midnight;Apple;Ноутбук Apple Macbook Air 13 M3 8Gb/256Gb Midnight;;;art_5884
Ноутбук Apple Macbook Air 13 M3 24Gb/512Gb Space Black;Apple;Ноутбук Apple Macbook Air 13 M3 24Gb/512Gb Space Black;;;art_5883
Ноутбук Apple Macbook Air 13 M3 24Gb/512Gb Silver;Apple;Ноутбук Apple Macbook Air 13 M3 24Gb/512Gb Silver;;;art_5882
Ноутбук Apple Macbook Air 13 M3 24Gb/512Gb Midnight;Apple;Ноутбук Apple Macbook Air 13 M3 24Gb/512Gb Midnight;;;art_5881
Ноутбук Apple Macbook Air 13 M3 24Gb/512Gb Starlight;Apple;Ноутбук Apple Macbook Air 13 M3 24Gb/512Gb Starlight;;;art_5880
Ноутбук Apple Macbook Air 13 M3 16Gb/512Gb Starlight;Apple;Ноутбук Apple Macbook Air 13 M3 16Gb/512Gb Starlight;;;art_5879
Ноутбук Apple Macbook Air 13 M3 16Gb/512Gb Space Black;Apple;Ноутбук Apple Macbook Air 13 M3 16Gb/512Gb Space Black;;;art_5878
Ноутбук Apple Macbook Air 13 M3 16Gb/512Gb Silver;Apple;Ноутбук Apple Macbook Air 13 M3 16Gb/512Gb Silver;;;art_5877
Ноутбук Apple Macbook Air 13 M3 16Gb/512Gb Midnight;Apple;Ноутбук Apple Macbook Air 13 M3 16Gb/512Gb Midnight;;;art_5876
Ноутбук Apple Macbook Air 13 M3 16Gb/256Gb Starlight;Apple;Ноутбук Apple Macbook Air 13 M3 16Gb/256Gb Starlight;;;art_5875
Ноутбук Apple Macbook Air 13 M3 16Gb/256Gb Space Black;Apple;Ноутбук Apple Macbook Air 13 M3 16Gb/256Gb Space Black;;;art_5874
Ноутбук Apple Macbook Air 13 M3 16Gb/256Gb Silver;Apple;Ноутбук Apple Macbook Air 13 M3 16Gb/256Gb Silver;;;art_5873
Ноутбук Apple Macbook Air 13 M3 16Gb/256Gb Midnight;Apple;Ноутбук Apple Macbook Air 13 M3 16Gb/256Gb Midnight;;;art_5872
Ноутбук Apple Macbook Pro 14.2 M5 10-Core CPU 24Gb/1Tb Space Black;Apple;Ноутбук Apple Macbook Pro 14.2 M5 10-Core CPU 24Gb/1Tb Space Black;;;art_5871
Ноутбук Apple Macbook Pro 14.2 M5 10-Core CPU 24Gb/1Tb Silver;Apple;Ноутбук Apple Macbook Pro 14.2 M5 10-Core CPU 24Gb/1Tb Silver;;;art_5870
Ноутбук Apple Macbook Pro 14.2 M5 10-Core CPU 16Gb/512Gb Space Black;Apple;Ноутбук Apple Macbook Pro 14.2 M5 10-Core CPU 16Gb/512Gb Space Black;;;art_5869
Ноутбук Apple Macbook Pro 14.2 M5 10-Core CPU 16Gb/512Gb Silver;Apple;Ноутбук Apple Macbook Pro 14.2 M5 10-Core CPU 16Gb/512Gb Silver;;;art_5868
Ноутбук Apple Macbook Pro 14.2 M5 10-Core CPU 16Gb/1Tb Space Black;Apple;Ноутбук Apple Macbook Pro 14.2 M5 10-Core CPU 16Gb/1Tb Space Black;;;art_5867
Ноутбук Apple Macbook Pro 14.2 M5 10-Core CPU 16Gb/1Tb Silver;Apple;Ноутбук Apple Macbook Pro 14.2 M5 10-Core CPU 16Gb/1Tb Silver;;;art_5866
Ноутбук Apple Macbook Pro 16.2 M4 Max 2024 16-Core CPU 48Gb/1Tb Space Black;Apple;Ноутбук Apple Macbook Pro 16.2 M4 Max 2024 16-Core CPU 48Gb/1Tb Space Black;;;art_5865
Ноутбук Apple Macbook Pro 16.2 M4 Max 2024 16-Core CPU 48Gb/1Tb Silver;Apple;Ноутбук Apple Macbook Pro 16.2 M4 Max 2024 16-Core CPU 48Gb/1Tb Silver;;;art_5864
Apple MacBook Air 13 M4 2025 24Gb/512Gb Starlight;Apple;Apple MacBook Air 13 M4 2025 24Gb/512Gb Starlight;;;art_5863
Apple MacBook Air 13 M4 2025 24Gb/512Gb Sky Blue;Apple;Apple MacBook Air 13 M4 2025 24Gb/512Gb Sky Blue;;;art_5862
Apple MacBook Air 13 M4 2025 24Gb/512Gb Silver;Apple;Apple MacBook Air 13 M4 2025 24Gb/512Gb Silver;;;art_5861
Apple MacBook Air 13 M4 2025 24Gb/512Gb Midnight;Apple;Apple MacBook Air 13 M4 2025 24Gb/512Gb Midnight;;;art_5860
Apple MacBook Air 13 M4 2025 16Gb/512Gb Starlight;Apple;Apple MacBook Air 13 M4 2025 16Gb/512Gb Starlight;;;art_5859
Apple MacBook Air 13 M4 2025 16Gb/512Gb Sky Blue;Apple;Apple MacBook Air 13 M4 2025 16Gb/512Gb Sky Blue;;;art_5858
Apple MacBook Air 13 M4 2025 16Gb/512Gb Silver;Apple;Apple MacBook Air 13 M4 2025 16Gb/512Gb Silver;;;art_5857
Apple MacBook Air 13 M4 2025 16Gb/512Gb Midnight;Apple;Apple MacBook Air 13 M4 2025 16Gb/512Gb Midnight;;;art_5856
Apple MacBook Air 13 M4 2025 16Gb/256Gb Starlight;Apple;Apple MacBook Air 13 M4 2025 16Gb/256Gb Starlight;;;art_5855
Apple MacBook Air 13 M4 2025 16Gb/256Gb Sky Blue;Apple;Apple MacBook Air 13 M4 2025 16Gb/256Gb Sky Blue;;;art_5854
Apple MacBook Air 13 M4 2025 16Gb/256Gb Silver;Apple;Apple MacBook Air 13 M4 2025 16Gb/256Gb Silver;;;art_5853
Apple MacBook Air 13 M4 2025 16Gb/256Gb Midnight;Apple;Apple MacBook Air 13 M4 2025 16Gb/256Gb Midnight;;;art_5852
Ноутбук Apple Macbook Air 13 M2 2022 8Gb/512Gb Starlight;Apple;Ноутбук Apple Macbook Air 13 M2 2022 8Gb/512Gb Starlight;;;art_5851
Ноутбук Apple Macbook Air 13 M2 2022 8Gb/512Gb Space Gray;Apple;Ноутбук Apple Macbook Air 13 M2 2022 8Gb/512Gb Space Gray;;;art_5850
Ноутбук Apple Macbook Air 13 M2 2022 8Gb/512Gb Silver;Apple;Ноутбук Apple Macbook Air 13 M2 2022 8Gb/512Gb Silver;;;art_5849
Ноутбук Apple Macbook Air 13 M2 2022 8Gb/512Gb Midnight;Apple;Ноутбук Apple Macbook Air 13 M2 2022 8Gb/512Gb Midnight;;;art_5848
Ноутбук Apple Macbook Air 13 M2 2022 8Gb/256Gb Starlight;Apple;Ноутбук Apple Macbook Air 13 M2 2022 8Gb/256Gb Starlight;;;art_5847
Ноутбук Apple Macbook Air 13 M2 2022 8Gb/256Gb Space Gray;Apple;Ноутбук Apple Macbook Air 13 M2 2022 8Gb/256Gb Space Gray;;;art_5846
Ноутбук Apple Macbook Air 13 M2 2022 8Gb/256Gb Silver;Apple;Ноутбук Apple Macbook Air 13 M2 2022 8Gb/256Gb Silver;;;art_5845
Ноутбук Apple Macbook Air 13 M2 2022 8Gb/256Gb Midnight;Apple;Ноутбук Apple Macbook Air 13 M2 2022 8Gb/256Gb Midnight;;;art_5844
Ноутбук Apple Macbook Air 13 M2 2022 16Gb/256Gb Starlight;Apple;Ноутбук Apple Macbook Air 13 M2 2022 16Gb/256Gb Starlight;;;art_5843
Ноутбук Apple Macbook Air 13 M2 2022 16Gb/256Gb Space Gray;Apple;Ноутбук Apple Macbook Air 13 M2 2022 16Gb/256Gb Space Gray;;;art_5842
Ноутбук Apple Macbook Air 13 M2 2022 16Gb/256Gb Silver;Apple;Ноутбук Apple Macbook Air 13 M2 2022 16Gb/256Gb Silver;;;art_5841
Ноутбук Apple Macbook Air 13 M2 2022 16Gb/256Gb Midnight;Apple;Ноутбук Apple Macbook Air 13 M2 2022 16Gb/256Gb Midnight;;;art_5840
Ноутбук Apple Macbook Air 13 M1 2020 8Gb/256Gb Space Gray;Apple;Ноутбук Apple Macbook Air 13 M1 2020 8Gb/256Gb Space Gray;;;art_5839
Ноутбук Apple Macbook Air 13 M1 2020 8Gb/256Gb Silver;Apple;Ноутбук Apple Macbook Air 13 M1 2020 8Gb/256Gb Silver;;;art_5838
Ноутбук Apple Macbook Air 13 M1 2020 8Gb/256Gb Gold;Apple;Ноутбук Apple Macbook Air 13 M1 2020 8Gb/256Gb Gold;;;art_5837
Ноутбук Apple Macbook Air 15 M3 2024 8Gb/512Gb Starlight;Apple;Ноутбук Apple Macbook Air 15 M3 2024 8Gb/512Gb Starlight;;;art_5836
Ноутбук Apple Macbook Air 15 M3 2024 8Gb/512Gb Space Black;Apple;Ноутбук Apple Macbook Air 15 M3 2024 8Gb/512Gb Space Black;;;art_5835
Ноутбук Apple Macbook Air 15 M3 2024 8Gb/512Gb Silver;Apple;Ноутбук Apple Macbook Air 15 M3 2024 8Gb/512Gb Silver;;;art_5834
Ноутбук Apple Macbook Air 15 M3 2024 8Gb/512Gb Midnight;Apple;Ноутбук Apple Macbook Air 15 M3 2024 8Gb/512Gb Midnight;;;art_5833
Ноутбук Apple Macbook Air 15 M3 2024 8Gb/256Gb Starlight;Apple;Ноутбук Apple Macbook Air 15 M3 2024 8Gb/256Gb Starlight;;;art_5832
Ноутбук Apple Macbook Air 15 M3 2024 8Gb/256Gb Space Black;Apple;Ноутбук Apple Macbook Air 15 M3 2024 8Gb/256Gb Space Black;;;art_5831
Ноутбук Apple Macbook Air 15 M3 2024 8Gb/256Gb Silver;Apple;Ноутбук Apple Macbook Air 15 M3 2024 8Gb/256Gb Silver;;;art_5830
Ноутбук Apple Macbook Air 15 M3 2024 8Gb/256Gb Midnight;Apple;Ноутбук Apple Macbook Air 15 M3 2024 8Gb/256Gb Midnight;;;art_5829
Ноутбук Apple Macbook Air 15 M3 2024 24Gb/512Gb Starlight;Apple;Ноутбук Apple Macbook Air 15 M3 2024 24Gb/512Gb Starlight;;;art_5828
Ноутбук Apple Macbook Air 15 M3 2024 24Gb/512Gb Space Black;Apple;Ноутбук Apple Macbook Air 15 M3 2024 24Gb/512Gb Space Black;;;art_5827
Ноутбук Apple Macbook Air 15 M3 2024 24Gb/512Gb Silver;Apple;Ноутбук Apple Macbook Air 15 M3 2024 24Gb/512Gb Silver;;;art_5826
Ноутбук Apple Macbook Air 15 M3 2024 24Gb/512Gb Midnight;Apple;Ноутбук Apple Macbook Air 15 M3 2024 24Gb/512Gb Midnight;;;art_5825
Ноутбук Apple Macbook Air 15 M3 2024 16Gb/512Gb Starlight;Apple;Ноутбук Apple Macbook Air 15 M3 2024 16Gb/512Gb Starlight;;;art_5824
Ноутбук Apple Macbook Air 15 M3 2024 16Gb/512Gb Space Black;Apple;Ноутбук Apple Macbook Air 15 M3 2024 16Gb/512Gb Space Black;;;art_5823
Ноутбук Apple Macbook Air 15 M3 2024 16Gb/512Gb Silver;Apple;Ноутбук Apple Macbook Air 15 M3 2024 16Gb/512Gb Silver;;;art_5822
Ноутбук Apple Macbook Air 15 M3 2024 16Gb/512Gb Midnight;Apple;Ноутбук Apple Macbook Air 15 M3 2024 16Gb/512Gb Midnight;;;art_5821
Ноутбук Apple Macbook Air 15 M3 2024 16Gb/256Gb Starlight;Apple;Ноутбук Apple Macbook Air 15 M3 2024 16Gb/256Gb Starlight;;;art_5820
Ноутбук Apple Macbook Air 15 M3 2024 16Gb/256Gb Space Black;Apple;Ноутбук Apple Macbook Air 15 M3 2024 16Gb/256Gb Space Black;;;art_5819
Ноутбук Apple Macbook Air 15 M3 2024 16Gb/256Gb Silver;Apple;Ноутбук Apple Macbook Air 15 M3 2024 16Gb/256Gb Silver;;;art_5818
Ноутбук Apple Macbook Air 15 M3 2024 16Gb/256Gb Midnight;Apple;Ноутбук Apple Macbook Air 15 M3 2024 16Gb/256Gb Midnight;;;art_5817
Apple MacBook Air 15 M4 2025 24Gb/512Gb Starlight;Apple;Apple MacBook Air 15 M4 2025 24Gb/512Gb Starlight;;;art_5816
Apple MacBook Air 15 M4 2025 24Gb/512Gb Sky Blue;Apple;Apple MacBook Air 15 M4 2025 24Gb/512Gb Sky Blue;;;art_5815
Apple MacBook Air 15 M4 2025 24Gb/512Gb Silver;Apple;Apple MacBook Air 15 M4 2025 24Gb/512Gb Silver;;;art_5814
Apple MacBook Air 15 M4 2025 24Gb/512Gb Midnight;Apple;Apple MacBook Air 15 M4 2025 24Gb/512Gb Midnight;;;art_5813
Apple MacBook Air 15 M4 2025 16Gb/512Gb Starlight;Apple;Apple MacBook Air 15 M4 2025 16Gb/512Gb Starlight;;;art_5812
Apple MacBook Air 15 M4 2025 16Gb/512Gb Sky Blue;Apple;Apple MacBook Air 15 M4 2025 16Gb/512Gb Sky Blue;;;art_5811
Apple MacBook Air 15 M4 2025 16Gb/512Gb Silver;Apple;Apple MacBook Air 15 M4 2025 16Gb/512Gb Silver;;;art_5810
Apple MacBook Air 15 M4 2025 16Gb/512Gb Midnight;Apple;Apple MacBook Air 15 M4 2025 16Gb/512Gb Midnight;;;art_5809
Apple MacBook Air 15 M4 2025 16Gb/256Gb Starlight;Apple;Apple MacBook Air 15 M4 2025 16Gb/256Gb Starlight;;;art_5808
Apple MacBook Air 15 M4 2025 16Gb/256Gb Sky Blue;Apple;Apple MacBook Air 15 M4 2025 16Gb/256Gb Sky Blue;;;art_5807
Apple MacBook Air 15 M4 2025 16Gb/256Gb Silver;Apple;Apple MacBook Air 15 M4 2025 16Gb/256Gb Silver;;;art_5806
Apple MacBook Air 15 M4 2025 16Gb/256Gb Midnight;Apple;Apple MacBook Air 15 M4 2025 16Gb/256Gb Midnight;;;art_5805
Ноутбук Apple Macbook Air 15 M2 2023 8Gb/512Gb Starlight;Apple;Ноутбук Apple Macbook Air 15 M2 2023 8Gb/512Gb Starlight;;;art_5804
Ноутбук Apple Macbook Air 15 M2 2023 8Gb/512Gb Space Gray;Apple;Ноутбук Apple Macbook Air 15 M2 2023 8Gb/512Gb Space Gray;;;art_5803
Ноутбук Apple Macbook Air 15 M2 2023 8Gb/512Gb Silver;Apple;Ноутбук Apple Macbook Air 15 M2 2023 8Gb/512Gb Silver;;;art_5802
Ноутбук Apple Macbook Air 15 M2 2023 8Gb/512Gb Midnight;Apple;Ноутбук Apple Macbook Air 15 M2 2023 8Gb/512Gb Midnight;;;art_5801
Ноутбук Apple Macbook Air 15 M2 2023 8Gb/256Gb Starlight;Apple;Ноутбук Apple Macbook Air 15 M2 2023 8Gb/256Gb Starlight;;;art_5800
Ноутбук Apple Macbook Air 15 M2 2023 8Gb/256Gb Space Gray;Apple;Ноутбук Apple Macbook Air 15 M2 2023 8Gb/256Gb Space Gray;;;art_5799
Ноутбук Apple Macbook Air 15 M2 2023 8Gb/256Gb Silver;Apple;Ноутбук Apple Macbook Air 15 M2 2023 8Gb/256Gb Silver;;;art_5798
Ноутбук Apple Macbook Air 15 M2 2023 8Gb/256Gb Midnight;Apple;Ноутбук Apple Macbook Air 15 M2 2023 8Gb/256Gb Midnight;;;art_5797
Компактный компьютер Apple Mac Mini M4 10-Core CPU 24Gb/512Gb Silver;Apple;Компактный компьютер Apple Mac Mini M4 10-Core CPU 24Gb/512Gb Silver;;;art_5796
Компактный компьютер Apple Mac Mini M4 10-Core CPU 16Gb/512Gb Silver;Apple;Компактный компьютер Apple Mac Mini M4 10-Core CPU 16Gb/512Gb Silver;;;art_5795
Компактный компьютер Apple Mac Mini M4 10-Core CPU 16Gb/256Gb Silver;Apple;Компактный компьютер Apple Mac Mini M4 10-Core CPU 16Gb/256Gb Silver;;;art_5794
Компактный компьютер Apple Mac Mini M4 Pro 12 Core CPU 24Gb/512Gb Silver;Apple;Компактный компьютер Apple Mac Mini M4 Pro 12 Core CPU 24Gb/512Gb Silver;;;art_5793
Умные часы Samsung Galaxy Watch7 44mm Silver;Samsung;Умные часы Samsung Galaxy Watch7 44mm Silver;;;art_5792
Умные часы Samsung Galaxy Watch7 44mm Green;Samsung;Умные часы Samsung Galaxy Watch7 44mm Green;;;art_5791
Samsung Galaxy Watch8 Classic 46mm White;Samsung;Samsung Galaxy Watch8 Classic 46mm White;;;art_5790
Samsung Galaxy Watch8 Classic 46mm LTE White;Samsung;Samsung Galaxy Watch8 Classic 46mm LTE White;;;art_5789
Samsung Galaxy Watch8 Classic 46mm LTE Black;Samsung;Samsung Galaxy Watch8 Classic 46mm LTE Black;;;art_5788
Samsung Galaxy Watch8 Classic 46mm Black;Samsung;Samsung Galaxy Watch8 Classic 46mm Black;;;art_5787
Умные часы Samsung Galaxy Watch7 40mm Green;Samsung;Умные часы Samsung Galaxy Watch7 40mm Green;;;art_5786
Умные часы Samsung Galaxy Watch7 40mm Cream;Samsung;Умные часы Samsung Galaxy Watch7 40mm Cream;;;art_5785
Умные часы Samsung Galaxy Watch Ultra LTE 47mm Titanium White;Samsung;Умные часы Samsung Galaxy Watch Ultra LTE 47mm Titanium White;;;art_5784
Умные часы Samsung Galaxy Watch Ultra LTE 47mm Titanium Sliver;Samsung;Умные часы Samsung Galaxy Watch Ultra LTE 47mm Titanium Sliver;;;art_5783
Умные часы Samsung Galaxy Watch Ultra LTE 47mm Titanium Gray;Samsung;Умные часы Samsung Galaxy Watch Ultra LTE 47mm Titanium Gray;;;art_5782
Умные часы Google Pixel Watch 3 45mm LTE Polished Silver/Porcelain;Google;Умные часы Google Pixel Watch 3 45mm LTE Polished Silver/Porcelain;;;art_5781
Умные часы Google Pixel Watch 3 45mm LTE Matte Black/Obsidiant;Google;Умные часы Google Pixel Watch 3 45mm LTE Matte Black/Obsidiant;;;art_5780
Умные часы Google Pixel Watch 3 45mm LTE Hazel/Hazel;Google;Умные часы Google Pixel Watch 3 45mm LTE Hazel/Hazel;;;art_5779
Умные часы Google Pixel Watch 3 41mm LTE Polished Silver/Rose Quartz;Google;Умные часы Google Pixel Watch 3 41mm LTE Polished Silver/Rose Quartz;;;art_5778
Умные часы Google Pixel Watch 3 41mm LTE Polished Silver/Porcelain;Google;Умные часы Google Pixel Watch 3 41mm LTE Polished Silver/Porcelain;;;art_5777
Умные часы Google Pixel Watch 3 41mm LTE Matte Black/Obsidiant;Google;Умные часы Google Pixel Watch 3 41mm LTE Matte Black/Obsidiant;;;art_5776
Умные часы Google Pixel Watch 3 41mm LTE Champagne Gold/Hazel;Google;Умные часы Google Pixel Watch 3 41mm LTE Champagne Gold/Hazel;;;art_5775
Умные часы Google Pixel Watch 2 LTE Polished Silver/Porcelain;Google;Умные часы Google Pixel Watch 2 LTE Polished Silver/Porcelain;;;art_5774
Умные часы Google Pixel Watch 2 LTE Polished Silver/Bay;Google;Умные часы Google Pixel Watch 2 LTE Polished Silver/Bay;;;art_5773
Умные часы Google Pixel Watch 2 LTE Matte Black/Obsidiant;Google;Умные часы Google Pixel Watch 2 LTE Matte Black/Obsidiant;;;art_5772
Умные часы Google Pixel Watch 2 LTE Champagne Gold/Hazel;Google;Умные часы Google Pixel Watch 2 LTE Champagne Gold/Hazel;;;art_5771
Умные часы Google Pixel Watch 3 45mm Polished Silver/Porcelain;Google;Умные часы Google Pixel Watch 3 45mm Polished Silver/Porcelain;;;art_5770
Умные часы Google Pixel Watch 3 45mm Matte Black/Obsidiant;Google;Умные часы Google Pixel Watch 3 45mm Matte Black/Obsidiant;;;art_5769
Умные часы Google Pixel Watch 3 45mm Hazel/Hazel;Google;Умные часы Google Pixel Watch 3 45mm Hazel/Hazel;;;art_5768
Умные часы Google Pixel Watch 3 41mm Polished Silver/Rose Quartz;Google;Умные часы Google Pixel Watch 3 41mm Polished Silver/Rose Quartz;;;art_5767
Умные часы Google Pixel Watch 3 41mm Polished Silver/Porcelain;Google;Умные часы Google Pixel Watch 3 41mm Polished Silver/Porcelain;;;art_5766
Умные часы Google Pixel Watch 3 41mm Matte Black/Obsidiant;Google;Умные часы Google Pixel Watch 3 41mm Matte Black/Obsidiant;;;art_5765
Умные часы Google Pixel Watch 3 41mm Champagne Gold/Hazel;Google;Умные часы Google Pixel Watch 3 41mm Champagne Gold/Hazel;;;art_5764
Умные часы Google Pixel Watch 2 Polished Silver/Porcelain;Google;Умные часы Google Pixel Watch 2 Polished Silver/Porcelain;;;art_5763
Умные часы Google Pixel Watch 2 Polished Silver/Bay;Google;Умные часы Google Pixel Watch 2 Polished Silver/Bay;;;art_5762
Умные часы Google Pixel Watch 2 Matte Black/Obsidiant;Google;Умные часы Google Pixel Watch 2 Matte Black/Obsidiant;;;art_5761
Умные часы Google Pixel Watch 2 Champagne Gold/Hazel;Google;Умные часы Google Pixel Watch 2 Champagne Gold/Hazel;;;art_5760
Умные часы Garmin Tactix 7 Pro Ballistics Edition;Garmin;Умные часы Garmin Tactix 7 Pro Ballistics Edition;;;art_5759
Умные часы Garmin Venu 3S Soft Gold/Ivory;Garmin;Умные часы Garmin Venu 3S Soft Gold/Ivory;;;art_5758
Умные часы Garmin Venu 3S Soft Gold/Dust Rose;Garmin;Умные часы Garmin Venu 3S Soft Gold/Dust Rose;;;art_5757
Умные часы Garmin Venu 3S Slate/Pebble Gray;Garmin;Умные часы Garmin Venu 3S Slate/Pebble Gray;;;art_5756
Умные часы Garmin Venu 3S Silver/Sage Gray;Garmin;Умные часы Garmin Venu 3S Silver/Sage Gray;;;art_5755
Умные часы Garmin Venu 3S Gold/French Gray;Garmin;Умные часы Garmin Venu 3S Gold/French Gray;;;art_5754
Умные часы Garmin Tactix 7 AMOLED Edition;Garmin;Умные часы Garmin Tactix 7 AMOLED Edition;;;art_5753
Умные часы Garmin Tactix 7 Pro Edition;Garmin;Умные часы Garmin Tactix 7 Pro Edition;;;art_5752
Умные часы Garmin MARQ Commander (Gen 2) Carbon Edition;Garmin;Умные часы Garmin MARQ Commander (Gen 2) Carbon Edition;;;art_5751
Умные часы Garmin MARQ Golfer (Gen 2) Carbon Edition;Garmin;Умные часы Garmin MARQ Golfer (Gen 2) Carbon Edition;;;art_5750
Умные часы Garmin MARQ Athlete (Gen 2) Carbon Edition;Garmin;Умные часы Garmin MARQ Athlete (Gen 2) Carbon Edition;;;art_5749
Умные часы Garmin MARQ Golfer (Gen 2);Garmin;Умные часы Garmin MARQ Golfer (Gen 2);;;art_5748
Умные часы Garmin MARQ Captain (Gen 2);Garmin;Умные часы Garmin MARQ Captain (Gen 2);;;art_5747
Умные часы Garmin MARQ Aviator (Gen 2);Garmin;Умные часы Garmin MARQ Aviator (Gen 2);;;art_5746
Умные часы Garmin MARQ Adventurer (Gen 2) Damascus Steel Edition;Garmin;Умные часы Garmin MARQ Adventurer (Gen 2) Damascus Steel Edition;;;art_5745
Умные часы Garmin MARQ Athlete (Gen 2);Garmin;Умные часы Garmin MARQ Athlete (Gen 2);;;art_5744
Умные часы Garmin Lily 2 Classic Nylon Band Silver/Sage Gray;Garmin;Умные часы Garmin Lily 2 Classic Nylon Band Silver/Sage Gray;;;art_5743
Умные часы Garmin Lily 2 Classic Nylon Band Cream Gold/Coffee;Garmin;Умные часы Garmin Lily 2 Classic Nylon Band Cream Gold/Coffee;;;art_5742
Умные часы Garmin Lily 2 Classic Leather Band Dark Bronze/Mulberry;Garmin;Умные часы Garmin Lily 2 Classic Leather Band Dark Bronze/Mulberry;;;art_5741
Умные часы Garmin Lily 2 Classic Leather Band Cream Gold/Tan;Garmin;Умные часы Garmin Lily 2 Classic Leather Band Cream Gold/Tan;;;art_5740
Умные часы Garmin Lily 2 Active Silicone Band Silver/Purple Jasmine;Garmin;Умные часы Garmin Lily 2 Active Silicone Band Silver/Purple Jasmine;;;art_5739
Умные часы Garmin Lily 2 Active Silicone Band Lunar Gold/ Bone;Garmin;Умные часы Garmin Lily 2 Active Silicone Band Lunar Gold/ Bone;;;art_5738
Умные часы Garmin Lily 2 Active Silicone Band Jasper Green;Garmin;Умные часы Garmin Lily 2 Active Silicone Band Jasper Green;;;art_5737
Умные часы Garmin Instinct 2S Camo Edition 40mm Mist Camo;Garmin;Умные часы Garmin Instinct 2S Camo Edition 40mm Mist Camo;;;art_5736
Умные часы Garmin Instinct 2S Solar 40mm Neo Tropic;Garmin;Умные часы Garmin Instinct 2S Solar 40mm Neo Tropic;;;art_5735
Умные часы Garmin Instinct 2S Solar 40mm Mist Gray;Garmin;Умные часы Garmin Instinct 2S Solar 40mm Mist Gray;;;art_5734
Умные часы Garmin Instinct 2S Solar 40mm Graphite;Garmin;Умные часы Garmin Instinct 2S Solar 40mm Graphite;;;art_5733
Умные часы Garmin Instinct 2S Standard Edition 40mm Graphite;Garmin;Умные часы Garmin Instinct 2S Standard Edition 40mm Graphite;;;art_5732
Умные часы Garmin Instinct 2S Standard Edition 40mm Deep Orchid;Garmin;Умные часы Garmin Instinct 2S Standard Edition 40mm Deep Orchid;;;art_5731
Умные часы Garmin Instinct 2 Solar 45mm Mist Gray;Garmin;Умные часы Garmin Instinct 2 Solar 45mm Mist Gray;;;art_5730
Умные часы Garmin Instinct 2 Solar 45mm Graphite;Garmin;Умные часы Garmin Instinct 2 Solar 45mm Graphite;;;art_5729
Умные часы Garmin Instinct 2 Dezl Edition 45mm Rugged trucking smartwatch;Garmin;Умные часы Garmin Instinct 2 Dezl Edition 45mm Rugged trucking smartwatch;;;art_5728
Умные часы Garmin Instinct 2 Camo Edition 45mm Graphite Camo;Garmin;Умные часы Garmin Instinct 2 Camo Edition 45mm Graphite Camo;;;art_5727
Умные часы Garmin Instinct 2 Solar Tactical Edition 45mm Coyote Tan;Garmin;Умные часы Garmin Instinct 2 Solar Tactical Edition 45mm Coyote Tan;;;art_5726
Умные часы Garmin Instinct 2 Solar Tactical Edition 45mm Black;Garmin;Умные часы Garmin Instinct 2 Solar Tactical Edition 45mm Black;;;art_5725
Умные часы Garmin Instinct 2 Standartd Edition 45mm Graphite;Garmin;Умные часы Garmin Instinct 2 Standartd Edition 45mm Graphite;;;art_5724
Умные часы Garmin Instinct 2x Solar Tactical Edition 50mm Coyote Tan;Garmin;Умные часы Garmin Instinct 2x Solar Tactical Edition 50mm Coyote Tan;;;art_5723
Умные часы Garmin Instinct 2x Solar Tactical Edition 50mm Black;Garmin;Умные часы Garmin Instinct 2x Solar Tactical Edition 50mm Black;;;art_5722
Умные часы Garmin Forerunner 965 Whitestone/Powder Gray;Garmin;Умные часы Garmin Forerunner 965 Whitestone/Powder Gray;;;art_5721
Умные часы Garmin Forerunner 965 Black/Powder Gray;Garmin;Умные часы Garmin Forerunner 965 Black/Powder Gray;;;art_5720
Умные часы Garmin Forerunner 965 Amp Yellow/Black;Garmin;Умные часы Garmin Forerunner 965 Amp Yellow/Black;;;art_5719
Умные часы Garmin Forerunner 955 Solar Whitestone;Garmin;Умные часы Garmin Forerunner 955 Solar Whitestone;;;art_5718
Умные часы Garmin Forerunner 955 Solar Black;Garmin;Умные часы Garmin Forerunner 955 Solar Black;;;art_5717
Умные Часы Garmin Forerunner 570 47mm Turquoise;Garmin;Умные Часы Garmin Forerunner 570 47mm Turquoise;;;art_5716
Умные Часы Garmin Forerunner 570 47mm Indigo;Garmin;Умные Часы Garmin Forerunner 570 47mm Indigo;;;art_5715
Умные Часы Garmin Forerunner 570 47mm Black;Garmin;Умные Часы Garmin Forerunner 570 47mm Black;;;art_5714
Умные Часы Garmin Forerunner 570 42mm Mango;Garmin;Умные Часы Garmin Forerunner 570 42mm Mango;;;art_5713
Умные Часы Garmin Forerunner 570 42mm Cloud Blue;Garmin;Умные Часы Garmin Forerunner 570 42mm Cloud Blue;;;art_5712
Умные Часы Garmin Forerunner 570 42mm Black;Garmin;Умные Часы Garmin Forerunner 570 42mm Black;;;art_5711
Умные часы Garmin Forerunner 955 Whitestone;Garmin;Умные часы Garmin Forerunner 955 Whitestone;;;art_5710
Умные часы Garmin Forerunner 955 Black;Garmin;Умные часы Garmin Forerunner 955 Black;;;art_5709
Умные часы Garmin Forerunner 265S 42mm Whitestone/Neo Tropic;Garmin;Умные часы Garmin Forerunner 265S 42mm Whitestone/Neo Tropic;;;art_5708
Умные часы Garmin Forerunner 265S 42mm Light Pink/Whitestone;Garmin;Умные часы Garmin Forerunner 265S 42mm Light Pink/Whitestone;;;art_5707
Умные часы Garmin Forerunner 265S 42mm Black/Amp Yellow;Garmin;Умные часы Garmin Forerunner 265S 42mm Black/Amp Yellow;;;art_5706
Умные часы Garmin Vivoactive 5 Slate/Black;Garmin;Умные часы Garmin Vivoactive 5 Slate/Black;;;art_5705
Умные часы Garmin Vivoactive 5 Orchid;Garmin;Умные часы Garmin Vivoactive 5 Orchid;;;art_5704
Умные часы Garmin Vivoactive 5 Navy;Garmin;Умные часы Garmin Vivoactive 5 Navy;;;art_5703
Умные часы Garmin Vivoactive 5 Cream Gold/Ivory;Garmin;Умные часы Garmin Vivoactive 5 Cream Gold/Ivory;;;art_5702
Умные часы Garmin Venu 3 Slate/Black;Garmin;Умные часы Garmin Venu 3 Slate/Black;;;art_5701
Умные часы Garmin Venu 3 Silver/Whitestone;Garmin;Умные часы Garmin Venu 3 Silver/Whitestone;;;art_5700
Умные часы Garmin Tactix 7 Standard Edition;Garmin;Умные часы Garmin Tactix 7 Standard Edition;;;art_5699
Умные часы Garmin MARQ Adventurer (Gen 2);Garmin;Умные часы Garmin MARQ Adventurer (Gen 2);;;art_5698
Умные часы Garmin Lily 2 Lilac;Garmin;Умные часы Garmin Lily 2 Lilac;;;art_5697
Умные часы Garmin Lily 2 Cream Gold/Coconut;Garmin;Умные часы Garmin Lily 2 Cream Gold/Coconut;;;art_5696
Умные часы Garmin Instinct 2x Solar 50mm Whitestone;Garmin;Умные часы Garmin Instinct 2x Solar 50mm Whitestone;;;art_5695
Умные часы Garmin Instinct 2x Solar 50mm Moss;Garmin;Умные часы Garmin Instinct 2x Solar 50mm Moss;;;art_5694
Умные часы Garmin Instinct 2x Solar 50mm Graphite;Garmin;Умные часы Garmin Instinct 2x Solar 50mm Graphite;;;art_5693
Умные часы Garmin Instinct 2x Solar 50mm Flame Red;Garmin;Умные часы Garmin Instinct 2x Solar 50mm Flame Red;;;art_5692
Умные часы Garmin Forerunner 265 46mm Whitestone/Tidal Blue;Garmin;Умные часы Garmin Forerunner 265 46mm Whitestone/Tidal Blue;;;art_5691
Умные часы Garmin Forerunner 265 46mm Black/Powder Gray;Garmin;Умные часы Garmin Forerunner 265 46mm Black/Powder Gray;;;art_5690
Умные часы Garmin Forerunner 265 46mm Aqua/Black;Garmin;Умные часы Garmin Forerunner 265 46mm Aqua/Black;;;art_5689
Умные часы Garmin Forerunner 165 Music Turquoise/Aqua;Garmin;Умные часы Garmin Forerunner 165 Music Turquoise/Aqua;;;art_5688
Умные часы Garmin Forerunner 165 Music Mist Gray/Whitestone;Garmin;Умные часы Garmin Forerunner 165 Music Mist Gray/Whitestone;;;art_5687
Умные часы Garmin Forerunner 165 Music Black/Slate Gray;Garmin;Умные часы Garmin Forerunner 165 Music Black/Slate Gray;;;art_5686
Умные часы Garmin Forerunner 165 Music Berry/Lilac;Garmin;Умные часы Garmin Forerunner 165 Music Berry/Lilac;;;art_5685
Умные часы Garmin Forerunner 55 White;Garmin;Умные часы Garmin Forerunner 55 White;;;art_5684
Умные часы Garmin Forerunner 55 Monterra Grey;Garmin;Умные часы Garmin Forerunner 55 Monterra Grey;;;art_5683
Умные часы Garmin Forerunner 55 Black;Garmin;Умные часы Garmin Forerunner 55 Black;;;art_5682
Умные часы Garmin Forerunner 55 Aqua;Garmin;Умные часы Garmin Forerunner 55 Aqua;;;art_5681
Умные часы Garmin Forerunner 165 Mist Gray/Whitestone;Garmin;Умные часы Garmin Forerunner 165 Mist Gray/Whitestone;;;art_5680
Умные часы Garmin Forerunner 165 Black/Slate Gray;Garmin;Умные часы Garmin Forerunner 165 Black/Slate Gray;;;art_5679
Умные часы Garmin Fenix 8 AMOLED 43mm Silver/Whitestone;Garmin;Умные часы Garmin Fenix 8 AMOLED 43mm Silver/Whitestone;;;art_5678
Умные часы Garmin Fenix 8 AMOLED 43mm Fog Gray/Dark Sandstone;Garmin;Умные часы Garmin Fenix 8 AMOLED 43mm Fog Gray/Dark Sandstone;;;art_5677
Умные часы Garmin Fenix 8 AMOLED 43mm Black/Pebble Gray;Garmin;Умные часы Garmin Fenix 8 AMOLED 43mm Black/Pebble Gray;;;art_5676
Умные часы Garmin Fenix 8 AMOLED 47mm Orange/Graphite;Garmin;Умные часы Garmin Fenix 8 AMOLED 47mm Orange/Graphite;;;art_5675
Умные часы Garmin Fenix 8 AMOLED 47mm Black/Pebble Gray;Garmin;Умные часы Garmin Fenix 8 AMOLED 47mm Black/Pebble Gray;;;art_5674
Умные часы Garmin Fenix 8 AMOLED 47mm Black;Garmin;Умные часы Garmin Fenix 8 AMOLED 47mm Black;;;art_5673
Умные часы Garmin Fenix 8 AMOLED 51mm Orange/Graphite;Garmin;Умные часы Garmin Fenix 8 AMOLED 51mm Orange/Graphite;;;art_5672
Умные часы Garmin Fenix 8 AMOLED 51mm Black/Pebble Gray;Garmin;Умные часы Garmin Fenix 8 AMOLED 51mm Black/Pebble Gray;;;art_5671
Умные часы Garmin Fenix 8 AMOLED 51mm Black;Garmin;Умные часы Garmin Fenix 8 AMOLED 51mm Black;;;art_5670
Умные часы Garmin Fenix 8 Solar 47mm Yellow/Graphite;Garmin;Умные часы Garmin Fenix 8 Solar 47mm Yellow/Graphite;;;art_5669
Умные часы Garmin Fenix 8 Solar 47mm Black/Pebble Gray;Garmin;Умные часы Garmin Fenix 8 Solar 47mm Black/Pebble Gray;;;art_5668
Умные часы Garmin Fenix 8 Solar 51mm Yellow/Graphite;Garmin;Умные часы Garmin Fenix 8 Solar 51mm Yellow/Graphite;;;art_5667
Умные часы Garmin Fenix 8 Solar 51mm Black/Pebble Gray;Garmin;Умные часы Garmin Fenix 8 Solar 51mm Black/Pebble Gray;;;art_5666
Умные часы Garmin Fenix E AMOLED 47mm Stainless/Black;Garmin;Умные часы Garmin Fenix E AMOLED 47mm Stainless/Black;;;art_5665
Умные часы Garmin Fenix E AMOLED 47mm Slate Gray/Black;Garmin;Умные часы Garmin Fenix E AMOLED 47mm Slate Gray/Black;;;art_5664
Умные часы Garmin Epix Pro (Gen 2) Sapphire Edition 42mm Soft Gold/Light Sand;Garmin;Умные часы Garmin Epix Pro (Gen 2) Sapphire Edition 42mm Soft Gold/Light Sand;;;art_5663
Умные часы Garmin Epix Pro (Gen 2) Sapphire Edition 42mm Gray/Black;Garmin;Умные часы Garmin Epix Pro (Gen 2) Sapphire Edition 42mm Gray/Black;;;art_5662
Умные часы Garmin Epix Pro (Gen 2) Sapphire Edition 47mm Titanium/Whitestone;Garmin;Умные часы Garmin Epix Pro (Gen 2) Sapphire Edition 47mm Titanium/Whitestone;;;art_5661
Умные часы Garmin Epix Pro (Gen 2) Sapphire Edition 47mm Gray/Black;Garmin;Умные часы Garmin Epix Pro (Gen 2) Sapphire Edition 47mm Gray/Black;;;art_5660
Умные часы Garmin Epix Pro (Gen 2) Sapphire Edition 51mm Titanium/Whitestone;Garmin;Умные часы Garmin Epix Pro (Gen 2) Sapphire Edition 51mm Titanium/Whitestone;;;art_5659
Умные часы Garmin Epix Pro (Gen 2) Sapphire Edition 51mm Gray/Black;Garmin;Умные часы Garmin Epix Pro (Gen 2) Sapphire Edition 51mm Gray/Black;;;art_5658
Умные часы Garmin Epix Pro (Gen 2) Standard Edition 42mm Silver/Whitestone;Garmin;Умные часы Garmin Epix Pro (Gen 2) Standard Edition 42mm Silver/Whitestone;;;art_5657
Умные часы Garmin Epix Pro (Gen 2) Standard Edition 47mm Slate Gray/Black;Garmin;Умные часы Garmin Epix Pro (Gen 2) Standard Edition 47mm Slate Gray/Black;;;art_5656
Умные часы Garmin Epix Pro (Gen 2) Standard Edition 51mm Slate Gray/Black;Garmin;Умные часы Garmin Epix Pro (Gen 2) Standard Edition 51mm Slate Gray/Black;;;art_5655
Умные часы Garmin Epix (Gen 2) Sapphire Edition 47mm Carrera White;Garmin;Умные часы Garmin Epix (Gen 2) Sapphire Edition 47mm Carrera White;;;art_5654
Умные часы Garmin Epix (Gen 2) Sapphire Edition 47mm Black;Garmin;Умные часы Garmin Epix (Gen 2) Sapphire Edition 47mm Black;;;art_5653
Умные часы Garmin Epix (Gen 2) Standard Edition 47mm Slate/Graphite;Garmin;Умные часы Garmin Epix (Gen 2) Standard Edition 47mm Slate/Graphite;;;art_5652
Умные часы Apple Watch SE Sport Band 44mm Space Gray/Black;Apple;Умные часы Apple Watch SE Sport Band 44mm Space Gray/Black;;;art_5651
Умные часы Apple Watch SE Sport Band 44mm Silver/White;Apple;Умные часы Apple Watch SE Sport Band 44mm Silver/White;;;art_5650
Умные часы Apple Watch SE Sport Band 44mm Silver/Blue;Apple;Умные часы Apple Watch SE Sport Band 44mm Silver/Blue;;;art_5649
Умные часы Apple Watch SE Sport Band 44mm Gold/Starlight;Apple;Умные часы Apple Watch SE Sport Band 44mm Gold/Starlight;;;art_5648
Умные часы Apple Watch SE Sport Band 40mm Space Gray/Black;Apple;Умные часы Apple Watch SE Sport Band 40mm Space Gray/Black;;;art_5647
Умные часы Apple Watch SE Sport Band 40mm Silver/White;Apple;Умные часы Apple Watch SE Sport Band 40mm Silver/White;;;art_5646
Умные часы Apple Watch SE Sport Band 40mm Silver/Blue;Apple;Умные часы Apple Watch SE Sport Band 40mm Silver/Blue;;;art_5645
Умные часы Apple Watch SE Sport Band 40mm Gold/Starlight;Apple;Умные часы Apple Watch SE Sport Band 40mm Gold/Starlight;;;art_5644
Умные часы Apple Watch SE Nike Sport Band 44mm Space Gray/Black;Apple;Умные часы Apple Watch SE Nike Sport Band 44mm Space Gray/Black;;;art_5643
Умные часы Apple Watch SE Nike Sport Band 44mm Silver/White;Apple;Умные часы Apple Watch SE Nike Sport Band 44mm Silver/White;;;art_5642
Умные часы Apple Watch SE Nike Sport Band 40mm Space Gray/Black;Apple;Умные часы Apple Watch SE Nike Sport Band 40mm Space Gray/Black;;;art_5641
Умные часы Apple Watch SE Nike Sport Band 40mm Silver/White;Apple;Умные часы Apple Watch SE Nike Sport Band 40mm Silver/White;;;art_5640
Умные часы Apple Watch Series 10 46 mm Milanese Loop Slate Titanium;Apple;Умные часы Apple Watch Series 10 46 mm Milanese Loop Slate Titanium;;;art_5639
Умные часы Apple Watch Series 10 46 mm Milanese Loop Natural Titanium;Apple;Умные часы Apple Watch Series 10 46 mm Milanese Loop Natural Titanium;;;art_5638
Умные часы Apple Watch Series 10 46 mm Milanese Loop Gold Titanium;Apple;Умные часы Apple Watch Series 10 46 mm Milanese Loop Gold Titanium;;;art_5637
Умные часы Apple Watch Series 10 42 mm Milanese Loop Slate Titanium;Apple;Умные часы Apple Watch Series 10 42 mm Milanese Loop Slate Titanium;;;art_5636
Умные часы Apple Watch Series 10 42 mm Milanese Loop Natural Titanium;Apple;Умные часы Apple Watch Series 10 42 mm Milanese Loop Natural Titanium;;;art_5635
Умные часы Apple Watch Series 10 42 mm Milanese Loop Gold Titanium;Apple;Умные часы Apple Watch Series 10 42 mm Milanese Loop Gold Titanium;;;art_5634
Умные часы Apple Watch Series 10 46 mm Nylon Sport Loop Silver/Cloud Blue;Apple;Умные часы Apple Watch Series 10 46 mm Nylon Sport Loop Silver/Cloud Blue;;;art_5633
Умные часы Apple Watch Series 10 46 mm Nylon Sport Loop Rose Gold/Plum;Apple;Умные часы Apple Watch Series 10 46 mm Nylon Sport Loop Rose Gold/Plum;;;art_5632
Умные часы Apple Watch Series 10 46 mm Nylon Sport Loop Jet Black/Ink;Apple;Умные часы Apple Watch Series 10 46 mm Nylon Sport Loop Jet Black/Ink;;;art_5631
Умные часы Apple Watch Series 10 42 mm Nylon Sport Loop Silver/Cloud Blue;Apple;Умные часы Apple Watch Series 10 42 mm Nylon Sport Loop Silver/Cloud Blue;;;art_5630
Умные часы Apple Watch Series 10 42 mm Nylon Sport Loop Rose Gold/Plum;Apple;Умные часы Apple Watch Series 10 42 mm Nylon Sport Loop Rose Gold/Plum;;;art_5629
Умные часы Apple Watch Series 10 42 mm Nylon Sport Loop Jet Black/Ink;Apple;Умные часы Apple Watch Series 10 42 mm Nylon Sport Loop Jet Black/Ink;;;art_5628
Умные часы Apple Watch Series 11 Milanese Loop 46мм Slate Titanium;Apple;Умные часы Apple Watch Series 11 Milanese Loop 46мм Slate Titanium;;;art_5627
Умные часы Apple Watch Series 11 Milanese Loop 46мм Natural Titanium;Apple;Умные часы Apple Watch Series 11 Milanese Loop 46мм Natural Titanium;;;art_5626
Умные часы Apple Watch Series 11 Milanese Loop 46мм Gold Titanium;Apple;Умные часы Apple Watch Series 11 Milanese Loop 46мм Gold Titanium;;;art_5625
Умные часы Apple Watch Series 11 Milanese Loop 42мм Slate Titanium;Apple;Умные часы Apple Watch Series 11 Milanese Loop 42мм Slate Titanium;;;art_5624
Умные часы Apple Watch Series 11 Milanese Loop 42мм Natural Titanium;Apple;Умные часы Apple Watch Series 11 Milanese Loop 42мм Natural Titanium;;;art_5623
Умные часы Apple Watch Series 11 Milanese Loop 42мм Gold Titanium;Apple;Умные часы Apple Watch Series 11 Milanese Loop 42мм Gold Titanium;;;art_5622
Умные часы Apple Watch Ultra 2 49mm Natural Titanium Milanese Loop;Apple;Умные часы Apple Watch Ultra 2 49mm Natural Titanium Milanese Loop;;;art_5621
Умные часы Apple Watch Ultra 2 Natural Titanium Trail Loop 49 mm Orange/Beige;Apple;Умные часы Apple Watch Ultra 2 Natural Titanium Trail Loop 49 mm Orange/Beige;;;art_5620
Умные часы Apple Watch Ultra 2 Natural Titanium Trail Loop 49 mm Green/Gray;Apple;Умные часы Apple Watch Ultra 2 Natural Titanium Trail Loop 49 mm Green/Gray;;;art_5619
Умные часы Apple Watch Ultra 2 Natural Titanium Trail Loop 49 mm Green;Apple;Умные часы Apple Watch Ultra 2 Natural Titanium Trail Loop 49 mm Green;;;art_5618
Умные часы Apple Watch Ultra 2 Natural Titanium Trail Loop 49 mm Blue/Black;Apple;Умные часы Apple Watch Ultra 2 Natural Titanium Trail Loop 49 mm Blue/Black;;;art_5617
Умные часы Apple Watch Ultra 2 Natural Titanium Trail Loop 49 mm Blue;Apple;Умные часы Apple Watch Ultra 2 Natural Titanium Trail Loop 49 mm Blue;;;art_5616
Умные часы Apple Watch Ultra 2 Natural Titanium Trail Loop 49 mm Black;Apple;Умные часы Apple Watch Ultra 2 Natural Titanium Trail Loop 49 mm Black;;;art_5615
Умные часы Apple Watch Ultra 2 Natural Titanium Alpine Loop 49 mm Tan;Apple;Умные часы Apple Watch Ultra 2 Natural Titanium Alpine Loop 49 mm Tan;;;art_5614
Умные часы Apple Watch Ultra 2 Natural Titanium Alpine Loop 49 mm Olive;Apple;Умные часы Apple Watch Ultra 2 Natural Titanium Alpine Loop 49 mm Olive;;;art_5613
Умные часы Apple Watch Ultra 2 Natural Titanium Alpine Loop 49 mm Navy;Apple;Умные часы Apple Watch Ultra 2 Natural Titanium Alpine Loop 49 mm Navy;;;art_5612
Умные часы Apple Watch Ultra 2 Natural Titanium Alpine Loop 49 mm Indigo;Apple;Умные часы Apple Watch Ultra 2 Natural Titanium Alpine Loop 49 mm Indigo;;;art_5611
Умные часы Apple Watch Ultra 2 Natural Titanium Alpine Loop 49 mm Dark Green;Apple;Умные часы Apple Watch Ultra 2 Natural Titanium Alpine Loop 49 mm Dark Green;;;art_5610
Умные часы Apple Watch Ultra 2 Natural Titanium Alpine Loop 49 mm Blue;Apple;Умные часы Apple Watch Ultra 2 Natural Titanium Alpine Loop 49 mm Blue;;;art_5609
Умные часы Apple Watch Ultra 2 Natural Titanium Ocean Band 49 mm White;Apple;Умные часы Apple Watch Ultra 2 Natural Titanium Ocean Band 49 mm White;;;art_5608
Умные часы Apple Watch Ultra 2 Natural Titanium Ocean Band 49 mm Orange;Apple;Умные часы Apple Watch Ultra 2 Natural Titanium Ocean Band 49 mm Orange;;;art_5607
Умные часы Apple Watch Ultra 2 Natural Titanium Ocean Band 49 mm Navy;Apple;Умные часы Apple Watch Ultra 2 Natural Titanium Ocean Band 49 mm Navy;;;art_5606
Умные часы Apple Watch Ultra 2 Natural Titanium Ocean Band 49 mm Ice Blue;Apple;Умные часы Apple Watch Ultra 2 Natural Titanium Ocean Band 49 mm Ice Blue;;;art_5605
Умные часы Apple Watch Ultra 2 Natural Titanium Ocean Band 49 mm Blue;Apple;Умные часы Apple Watch Ultra 2 Natural Titanium Ocean Band 49 mm Blue;;;art_5604
Умные часы Apple Watch Ultra 2 Natural Titanium Ocean Band 49 mm Black;Apple;Умные часы Apple Watch Ultra 2 Natural Titanium Ocean Band 49 mm Black;;;art_5603
Умные часы Apple Watch Ultra 2 Black Titanium Ocean Band 49 mm Navy;Apple;Умные часы Apple Watch Ultra 2 Black Titanium Ocean Band 49 mm Navy;;;art_5602
Умные часы Apple Watch Ultra 2 Black Titanium Ocean Band 49 mm Ice Blue;Apple;Умные часы Apple Watch Ultra 2 Black Titanium Ocean Band 49 mm Ice Blue;;;art_5601
Умные часы Apple Watch Ultra 2 Black Titanium Ocean Band 49 mm Black;Apple;Умные часы Apple Watch Ultra 2 Black Titanium Ocean Band 49 mm Black;;;art_5600
Умные часы Apple Watch Ultra 2 49mm Black Titanium Milanese Loop;Apple;Умные часы Apple Watch Ultra 2 49mm Black Titanium Milanese Loop;;;art_5599
Умные часы Apple Watch SE 2 44 mm Nylon Sport Loop Starlight/Lake Green;Apple;Умные часы Apple Watch SE 2 44 mm Nylon Sport Loop Starlight/Lake Green;;;art_5598
Умные часы Apple Watch SE 2 44 mm Nylon Sport Loop Starlight;Apple;Умные часы Apple Watch SE 2 44 mm Nylon Sport Loop Starlight;;;art_5597
Умные часы Apple Watch SE 2 44 mm Nylon Sport Loop Silver/Cloud Blue;Apple;Умные часы Apple Watch SE 2 44 mm Nylon Sport Loop Silver/Cloud Blue;;;art_5596
Умные часы Apple Watch SE 2 44 mm Nylon Sport Loop Silver/Blue;Apple;Умные часы Apple Watch SE 2 44 mm Nylon Sport Loop Silver/Blue;;;art_5595
Умные часы Apple Watch SE 2 44 mm Nylon Sport Loop Midnight;Apple;Умные часы Apple Watch SE 2 44 mm Nylon Sport Loop Midnight;;;art_5594
Умные часы Apple Watch SE 2 40 mm Nylon Sport Loop Starlight/Lake Green;Apple;Умные часы Apple Watch SE 2 40 mm Nylon Sport Loop Starlight/Lake Green;;;art_5593
Умные часы Apple Watch SE 2 40 mm Nylon Sport Loop Starlight;Apple;Умные часы Apple Watch SE 2 40 mm Nylon Sport Loop Starlight;;;art_5592
Умные часы Apple Watch SE 2 40 mm Nylon Sport Loop Silver/Cloud Blue;Apple;Умные часы Apple Watch SE 2 40 mm Nylon Sport Loop Silver/Cloud Blue;;;art_5591
Умные часы Apple Watch SE 2 40 mm Nylon Sport Loop Silver/Blue;Apple;Умные часы Apple Watch SE 2 40 mm Nylon Sport Loop Silver/Blue;;;art_5590
Умные часы Apple Watch SE 2 40 mm Nylon Sport Loop Midnight;Apple;Умные часы Apple Watch SE 2 40 mm Nylon Sport Loop Midnight;;;art_5589
Умные часы Apple Watch Series 11 Sport Band 46мм Space Gray/Black;Apple;Умные часы Apple Watch Series 11 Sport Band 46мм Space Gray/Black;;;art_5588
Умные часы Apple Watch Series 11 Sport Band 46мм Silver/Purple Fog;Apple;Умные часы Apple Watch Series 11 Sport Band 46мм Silver/Purple Fog;;;art_5587
Умные часы Apple Watch Series 11 Sport Band 46мм Rose Gold/Light Blush;Apple;Умные часы Apple Watch Series 11 Sport Band 46мм Rose Gold/Light Blush;;;art_5586
Умные часы Apple Watch Series 11 Sport Band 46мм Jet Black/Black;Apple;Умные часы Apple Watch Series 11 Sport Band 46мм Jet Black/Black;;;art_5585
Умные часы Apple Watch Series 11 Sport Band 42мм Space Gray/Black;Apple;Умные часы Apple Watch Series 11 Sport Band 42мм Space Gray/Black;;;art_5584
Умные часы Apple Watch Series 11 Sport Band 42мм Silver/Purple Fog;Apple;Умные часы Apple Watch Series 11 Sport Band 42мм Silver/Purple Fog;;;art_5583
Умные часы Apple Watch Series 11 Sport Band 42мм Rose Gold/Light Blush;Apple;Умные часы Apple Watch Series 11 Sport Band 42мм Rose Gold/Light Blush;;;art_5582
Умные часы Apple Watch Series 11 Sport Band 42мм Jet Black/Black;Apple;Умные часы Apple Watch Series 11 Sport Band 42мм Jet Black/Black;;;art_5581
Умные часы Apple Watch Series 10 46 mm Sport Band Silver/Starlight;Apple;Умные часы Apple Watch Series 10 46 mm Sport Band Silver/Starlight;;;art_5580
Умные часы Apple Watch Series 10 46 mm Sport Band Silver/Denim;Apple;Умные часы Apple Watch Series 10 46 mm Sport Band Silver/Denim;;;art_5579
Умные часы Apple Watch Series 10 46 mm Sport Band Rose Gold/Light Blush;Apple;Умные часы Apple Watch Series 10 46 mm Sport Band Rose Gold/Light Blush;;;art_5578
Умные часы Apple Watch Series 10 46 mm Sport Band Jet Black/Black;Apple;Умные часы Apple Watch Series 10 46 mm Sport Band Jet Black/Black;;;art_5577
Умные часы Apple Watch Series 10 46 mm Sport Band Silver/Black;Apple;Умные часы Apple Watch Series 10 46 mm Sport Band Silver/Black;;;art_5576
Умные часы Apple Watch Series 10 42 mm Sport Band Silver/Starlight;Apple;Умные часы Apple Watch Series 10 42 mm Sport Band Silver/Starlight;;;art_5575
Умные часы Apple Watch Series 10 42 mm Sport Band Silver/Denim;Apple;Умные часы Apple Watch Series 10 42 mm Sport Band Silver/Denim;;;art_5574
Умные часы Apple Watch Series 10 42 mm Sport Band Silver/Black;Apple;Умные часы Apple Watch Series 10 42 mm Sport Band Silver/Black;;;art_5573
Умные часы Apple Watch Series 10 42 mm Sport Band Rose Gold/Light Blush;Apple;Умные часы Apple Watch Series 10 42 mm Sport Band Rose Gold/Light Blush;;;art_5572
Умные часы Apple Watch Series 10 42 mm Sport Band Jet Black/Black;Apple;Умные часы Apple Watch Series 10 42 mm Sport Band Jet Black/Black;;;art_5571
Умные часы Apple Watch SE 3 Sport Band 44мм Starlight;Apple;Умные часы Apple Watch SE 3 Sport Band 44мм Starlight;;;art_5570
Умные часы Apple Watch SE 3 Sport Band 44мм Midnight;Apple;Умные часы Apple Watch SE 3 Sport Band 44мм Midnight;;;art_5569
Умные часы Apple Watch SE 3 Sport Band 40мм Starlight;Apple;Умные часы Apple Watch SE 3 Sport Band 40мм Starlight;;;art_5568
Умные часы Apple Watch SE 3 Sport Band 40мм Midnight;Apple;Умные часы Apple Watch SE 3 Sport Band 40мм Midnight;;;art_5567
Умные часы Apple Watch SE 2 44 mm Sport Band Starlight;Apple;Умные часы Apple Watch SE 2 44 mm Sport Band Starlight;;;art_5566
Умные часы Apple Watch SE 2 44 mm Sport Band Silver/Denim;Apple;Умные часы Apple Watch SE 2 44 mm Sport Band Silver/Denim;;;art_5565
Умные часы Apple Watch SE 2 44 mm Sport Band Silver/Blue;Apple;Умные часы Apple Watch SE 2 44 mm Sport Band Silver/Blue;;;art_5564
Умные часы Apple Watch SE 2 44 mm Sport Band Silver;Apple;Умные часы Apple Watch SE 2 44 mm Sport Band Silver;;;art_5563
Умные часы Apple Watch SE 2 44 mm Sport Band Midnight;Apple;Умные часы Apple Watch SE 2 44 mm Sport Band Midnight;;;art_5562
Умные часы Apple Watch SE 2 40 mm Sport Band Starlight;Apple;Умные часы Apple Watch SE 2 40 mm Sport Band Starlight;;;art_5561
Умные часы Apple Watch SE 2 40 mm Sport Band Silver/Denim;Apple;Умные часы Apple Watch SE 2 40 mm Sport Band Silver/Denim;;;art_5560
Умные часы Apple Watch SE 2 40 mm Sport Band Silver/Blue;Apple;Умные часы Apple Watch SE 2 40 mm Sport Band Silver/Blue;;;art_5559
Умные часы Apple Watch SE 2 40 mm Sport Band Silver;Apple;Умные часы Apple Watch SE 2 40 mm Sport Band Silver;;;art_5558
Умные часы Apple Watch SE 2 40 mm Sport Band Midnight;Apple;Умные часы Apple Watch SE 2 40 mm Sport Band Midnight;;;art_5557
Samsung Galaxy Watch8 LTE 44mm Silver;Samsung;Samsung Galaxy Watch8 LTE 44mm Silver;;;art_5556
Samsung Galaxy Watch8 LTE 44mm Graphite;Samsung;Samsung Galaxy Watch8 LTE 44mm Graphite;;;art_5555
Samsung Galaxy Watch8 LTE 40mm Silver;Samsung;Samsung Galaxy Watch8 LTE 40mm Silver;;;art_5554
Samsung Galaxy Watch8 LTE 40mm Graphite;Samsung;Samsung Galaxy Watch8 LTE 40mm Graphite;;;art_5553
Умные часы Garmin Vivoactive 6 Pink Dawn;Garmin;Умные часы Garmin Vivoactive 6 Pink Dawn;;;art_5552
Умные часы Garmin Vivoactive 6 Lunar Gold/Bone;Garmin;Умные часы Garmin Vivoactive 6 Lunar Gold/Bone;;;art_5551
Умные часы Garmin Vivoactive 6 Jasper Green;Garmin;Умные часы Garmin Vivoactive 6 Jasper Green;;;art_5550
Умные часы Garmin Vivoactive 6 Black/Slate;Garmin;Умные часы Garmin Vivoactive 6 Black/Slate;;;art_5549
Умные часы Garmin Tactix 8 Solar Elite 51mm;Garmin;Умные часы Garmin Tactix 8 Solar Elite 51mm;;;art_5548
Умные часы Garmin Instinct 3 Solar 50mm Twilight/Solstice;Garmin;Умные часы Garmin Instinct 3 Solar 50mm Twilight/Solstice;;;art_5547
Умные часы Garmin Instinct 3 Solar 50mm Black/Charcol;Garmin;Умные часы Garmin Instinct 3 Solar 50mm Black/Charcol;;;art_5546
Samsung Galaxy Watch8 44mm Silver;Samsung;Samsung Galaxy Watch8 44mm Silver;;;art_5545
Samsung Galaxy Watch8 44mm Graphite;Samsung;Samsung Galaxy Watch8 44mm Graphite;;;art_5544
Samsung Galaxy Watch8 40mm Silver;Samsung;Samsung Galaxy Watch8 40mm Silver;;;art_5543
Samsung Galaxy Watch8 40mm Graphite;Samsung;Samsung Galaxy Watch8 40mm Graphite;;;art_5542
Samsung Galaxy Watch Ultra 2025 47mm LTE Titanium White;Samsung;Samsung Galaxy Watch Ultra 2025 47mm LTE Titanium White;;;art_5541
Samsung Galaxy Watch Ultra 2025 47mm LTE Titanium Silver;Samsung;Samsung Galaxy Watch Ultra 2025 47mm LTE Titanium Silver;;;art_5540
Samsung Galaxy Watch Ultra 2025 47mm LTE Titanium Gray;Samsung;Samsung Galaxy Watch Ultra 2025 47mm LTE Titanium Gray;;;art_5539
Samsung Galaxy Watch Ultra 2025 47mm LTE Titanium Blue;Samsung;Samsung Galaxy Watch Ultra 2025 47mm LTE Titanium Blue;;;art_5538
Умные часы Garmin Tactix 8 Solar 51mm;Garmin;Умные часы Garmin Tactix 8 Solar 51mm;;;art_5537
Умные часы Garmin Instinct 3 Solar 45mm Twilight;Garmin;Умные часы Garmin Instinct 3 Solar 45mm Twilight;;;art_5536
Умные часы Garmin Instinct 3 Solar 45mm Black;Garmin;Умные часы Garmin Instinct 3 Solar 45mm Black;;;art_5535
Умные часы Garmin Tactix 8 AMOLED 51mm;Garmin;Умные часы Garmin Tactix 8 AMOLED 51mm;;;art_5534
Умные часы Garmin Tactix 8 AMOLED 47mm;Garmin;Умные часы Garmin Tactix 8 AMOLED 47mm;;;art_5533
Умные часы Garmin Instinct 3 AMOLED 50mm Neo Tropic/Twilight;Garmin;Умные часы Garmin Instinct 3 AMOLED 50mm Neo Tropic/Twilight;;;art_5532
Умные часы Garmin Instinct 3 AMOLED 50mm Black/Charcol;Garmin;Умные часы Garmin Instinct 3 AMOLED 50mm Black/Charcol;;;art_5531
Умные часы Garmin Instinct 3 AMOLED 45mm Neo Tropic;Garmin;Умные часы Garmin Instinct 3 AMOLED 45mm Neo Tropic;;;art_5530
Умные часы Garmin Instinct 3 AMOLED 45mm Black;Garmin;Умные часы Garmin Instinct 3 AMOLED 45mm Black;;;art_5529
Умные часы Garmin Instinct E 45mm Electric Lime;Garmin;Умные часы Garmin Instinct E 45mm Electric Lime;;;art_5528
Умные часы Garmin Instinct E 45mm Black/Charcol;Garmin;Умные часы Garmin Instinct E 45mm Black/Charcol;;;art_5527
Умные часы Garmin Instinct E 40mm Electric Lime/Twilight;Garmin;Умные часы Garmin Instinct E 40mm Electric Lime/Twilight;;;art_5526
Умные часы Garmin Instinct E 40mm Black/Charcol;Garmin;Умные часы Garmin Instinct E 40mm Black/Charcol;;;art_5525
Умные часы Apple Watch Ultra 2 Black Titanium Trail Loop 49 mm Green;Apple;Умные часы Apple Watch Ultra 2 Black Titanium Trail Loop 49 mm Green;;;art_5524
Умные часы Apple Watch Ultra 2 Black Titanium Trail Loop 49 mm Blue;Apple;Умные часы Apple Watch Ultra 2 Black Titanium Trail Loop 49 mm Blue;;;art_5523
Умные часы Apple Watch Ultra 2 Black Titanium Trail Loop 49 mm Black;Apple;Умные часы Apple Watch Ultra 2 Black Titanium Trail Loop 49 mm Black;;;art_5522
Умные часы Apple Watch Ultra 2 Black Titanium Alpine Loop 49 mm Tan;Apple;Умные часы Apple Watch Ultra 2 Black Titanium Alpine Loop 49 mm Tan;;;art_5521
Умные часы Apple Watch Ultra 2 Black Titanium Alpine Loop 49 mm Navy;Apple;Умные часы Apple Watch Ultra 2 Black Titanium Alpine Loop 49 mm Navy;;;art_5520
Умные часы Apple Watch Ultra 2 Black Titanium Alpine Loop 49 mm Dark Green;Apple;Умные часы Apple Watch Ultra 2 Black Titanium Alpine Loop 49 mm Dark Green;;;art_5519
Умные часы Apple Watch Ultra 3 LTE 49mm Ocean Band Natural Titanium/Neon Green;Apple;Умные часы Apple Watch Ultra 3 LTE 49mm Ocean Band Natural Titanium/Neon Green;;;art_5518
Умные часы Apple Watch Ultra 3 LTE 49mm Ocean Band Natural Titanium/Black;Apple;Умные часы Apple Watch Ultra 3 LTE 49mm Ocean Band Natural Titanium/Black;;;art_5517
Умные часы Apple Watch Ultra 3 LTE 49mm Ocean Band Natural Titanium/Anchor Blue;Apple;Умные часы Apple Watch Ultra 3 LTE 49mm Ocean Band Natural Titanium/Anchor Blue;;;art_5516
Умные часы Apple Watch Ultra 3 LTE 49mm Milanese Loop Natural Titanium;Apple;Умные часы Apple Watch Ultra 3 LTE 49mm Milanese Loop Natural Titanium;;;art_5515
Умные часы Apple Watch Ultra 3 LTE 49mm Alpine Loop Natural Titanium/Terra Cotta;Apple;Умные часы Apple Watch Ultra 3 LTE 49mm Alpine Loop Natural Titanium/Terra Cotta;;;art_5514
Умные часы Apple Watch Ultra 3 LTE 49mm Alpine Loop Natural Titanium/Light Blue;Apple;Умные часы Apple Watch Ultra 3 LTE 49mm Alpine Loop Natural Titanium/Light Blue;;;art_5513
Умные часы Apple Watch Ultra 3 LTE 49mm Alpine Loop Natural Titanium/Black;Apple;Умные часы Apple Watch Ultra 3 LTE 49mm Alpine Loop Natural Titanium/Black;;;art_5512
Умные часы Apple Watch Ultra 3 LTE 49mm Trail Loop Natural Titanium - Green/Neon;Apple;Умные часы Apple Watch Ultra 3 LTE 49mm Trail Loop Natural Titanium - Green/Neon;;;art_5511
Умные часы Apple Watch Ultra 3 LTE 49mm Trail Loop Natural Titanium - Blue/Bright Blue;Apple;Умные часы Apple Watch Ultra 3 LTE 49mm Trail Loop Natural Titanium - Blue/Bright Blue;;;art_5510
Умные часы Apple Watch Ultra 3 LTE 49mm Trail Loop Natural Titanium - Black/Charcoal;Apple;Умные часы Apple Watch Ultra 3 LTE 49mm Trail Loop Natural Titanium - Black/Charcoal;;;art_5509
Умные часы Apple Watch Ultra 3 LTE 49mm Ocean Band Black Titanium/Neon Green;Apple;Умные часы Apple Watch Ultra 3 LTE 49mm Ocean Band Black Titanium/Neon Green;;;art_5508
Умные часы Apple Watch Ultra 3 LTE 49mm Ocean Band Black Titanium/Black;Apple;Умные часы Apple Watch Ultra 3 LTE 49mm Ocean Band Black Titanium/Black;;;art_5507
Умные часы Apple Watch Ultra 3 LTE 49mm Ocean Band Black Titanium/Anchor Blue;Apple;Умные часы Apple Watch Ultra 3 LTE 49mm Ocean Band Black Titanium/Anchor Blue;;;art_5506
Умные часы Apple Watch Ultra 3 LTE 49mm Alpine Loop Black Titanium/Terra Cotta;Apple;Умные часы Apple Watch Ultra 3 LTE 49mm Alpine Loop Black Titanium/Terra Cotta;;;art_5505
Умные часы Apple Watch Ultra 3 LTE 49mm Alpine Loop Black Titanium/Light Blue;Apple;Умные часы Apple Watch Ultra 3 LTE 49mm Alpine Loop Black Titanium/Light Blue;;;art_5504
Умные часы Apple Watch Ultra 3 LTE 49mm Alpine Loop Black Titanium/Black;Apple;Умные часы Apple Watch Ultra 3 LTE 49mm Alpine Loop Black Titanium/Black;;;art_5503
Умные часы Apple Watch Ultra 3 LTE 49mm Trail Loop Black Titanium - Green/Neon;Apple;Умные часы Apple Watch Ultra 3 LTE 49mm Trail Loop Black Titanium - Green/Neon;;;art_5502
Умные часы Apple Watch Ultra 3 LTE 49mm Trail Loop Black Titanium - Blue/Bright Blue;Apple;Умные часы Apple Watch Ultra 3 LTE 49mm Trail Loop Black Titanium - Blue/Bright Blue;;;art_5501
Умные часы Apple Watch Ultra 3 LTE 49mm Trail Loop Black Titanium - Black/Charcoal;Apple;Умные часы Apple Watch Ultra 3 LTE 49mm Trail Loop Black Titanium - Black/Charcoal;;;art_5500
Умные часы Apple Watch Ultra 3 LTE 49mm Milanese Loop Black Titanium;Apple;Умные часы Apple Watch Ultra 3 LTE 49mm Milanese Loop Black Titanium;;;art_5499
Геймерский планшет Nubia RedMagic Astra 24Gb/1Tb Starfrost Silver;ZTE;Геймерский планшет Nubia RedMagic Astra 24Gb/1Tb Starfrost Silver;;;art_5498
Геймерский планшет Nubia RedMagic Astra 24Gb/1Tb Eclipse Black;ZTE;Геймерский планшет Nubia RedMagic Astra 24Gb/1Tb Eclipse Black;;;art_5497
Геймерский планшет Nubia RedMagic Astra 16Gb/512Gb Starfrost Silver;ZTE;Геймерский планшет Nubia RedMagic Astra 16Gb/512Gb Starfrost Silver;;;art_5496
Геймерский планшет Nubia RedMagic Astra 16Gb/512Gb Eclipse Black;ZTE;Геймерский планшет Nubia RedMagic Astra 16Gb/512Gb Eclipse Black;;;art_5495
Геймерский планшет Nubia RedMagic Astra 12Gb/256Gb Starfrost Silver;ZTE;Геймерский планшет Nubia RedMagic Astra 12Gb/256Gb Starfrost Silver;;;art_5494
Геймерский планшет Nubia RedMagic Astra 12Gb/256Gb Eclipse Black;ZTE;Геймерский планшет Nubia RedMagic Astra 12Gb/256Gb Eclipse Black;;;art_5493
Геймерский планшет Nubia RedMagic Nova 16Gb/512Gb Midnight;ZTE;Геймерский планшет Nubia RedMagic Nova 16Gb/512Gb Midnight;;;art_5492
Геймерский планшет Nubia RedMagic Nova 12Gb/256Gb Midnight;ZTE;Геймерский планшет Nubia RedMagic Nova 12Gb/256Gb Midnight;;;art_5491
Планшет Nubia Pad Pro 8Gb/256Gb Silver;ZTE;Планшет Nubia Pad Pro 8Gb/256Gb Silver;;;art_5490
Планшет Nubia Pad Pro 8Gb/256Gb Black;ZTE;Планшет Nubia Pad Pro 8Gb/256Gb Black;;;art_5489
Планшет Nubia Pad Pro 16Gb/512Gb Silver;ZTE;Планшет Nubia Pad Pro 16Gb/512Gb Silver;;;art_5488
Планшет Nubia Pad Pro 16Gb/512Gb Black;ZTE;Планшет Nubia Pad Pro 16Gb/512Gb Black;;;art_5487
Планшет Nubia Pad Pro 12Gb/256Gb Silver;ZTE;Планшет Nubia Pad Pro 12Gb/256Gb Silver;;;art_5486
Планшет Nubia Pad Pro 12Gb/256Gb Black;ZTE;Планшет Nubia Pad Pro 12Gb/256Gb Black;;;art_5485
Планшет Xiaomi Redmi Pad Pro Wi-Fi 8Gb/256Gb Ocean Blue;Xiaomi;Планшет Xiaomi Redmi Pad Pro Wi-Fi 8Gb/256Gb Ocean Blue;;;art_5484
Планшет Xiaomi Redmi Pad Pro Wi-Fi 8Gb/256Gb Mint Green;Xiaomi;Планшет Xiaomi Redmi Pad Pro Wi-Fi 8Gb/256Gb Mint Green;;;art_5483
Планшет Xiaomi Redmi Pad Pro Wi-Fi 8Gb/256Gb Dark Gray;Xiaomi;Планшет Xiaomi Redmi Pad Pro Wi-Fi 8Gb/256Gb Dark Gray;;;art_5482
Планшет Xiaomi Redmi Pad Pro Wi-Fi 8Gb/128Gb Ocean Blue;Xiaomi;Планшет Xiaomi Redmi Pad Pro Wi-Fi 8Gb/128Gb Ocean Blue;;;art_5481
Планшет Xiaomi Redmi Pad Pro Wi-Fi 8Gb/128Gb Mint Green;Xiaomi;Планшет Xiaomi Redmi Pad Pro Wi-Fi 8Gb/128Gb Mint Green;;;art_5480
Планшет Xiaomi Redmi Pad Pro Wi-Fi 8Gb/128Gb Dark Gray;Xiaomi;Планшет Xiaomi Redmi Pad Pro Wi-Fi 8Gb/128Gb Dark Gray;;;art_5479
Планшет Xiaomi Redmi Pad Pro Wi-Fi 6Gb/128Gb Ocean Blue;Xiaomi;Планшет Xiaomi Redmi Pad Pro Wi-Fi 6Gb/128Gb Ocean Blue;;;art_5478
Планшет Xiaomi Redmi Pad Pro Wi-Fi 6Gb/128Gb Mint Green;Xiaomi;Планшет Xiaomi Redmi Pad Pro Wi-Fi 6Gb/128Gb Mint Green;;;art_5477
Планшет Xiaomi Redmi Pad Pro Wi-Fi 6Gb/128Gb Dark Gray;Xiaomi;Планшет Xiaomi Redmi Pad Pro Wi-Fi 6Gb/128Gb Dark Gray;;;art_5476
Планшет Xiaomi Redmi Pad Pro 5G 8Gb/256Gb Ocean Blue;Xiaomi;Планшет Xiaomi Redmi Pad Pro 5G 8Gb/256Gb Ocean Blue;;;art_5475
Планшет Xiaomi Redmi Pad Pro 5G 8Gb/256Gb Mint Green;Xiaomi;Планшет Xiaomi Redmi Pad Pro 5G 8Gb/256Gb Mint Green;;;art_5474
Планшет Xiaomi Redmi Pad Pro 5G 8Gb/256Gb Dark Gray;Xiaomi;Планшет Xiaomi Redmi Pad Pro 5G 8Gb/256Gb Dark Gray;;;art_5473
Планшет Xiaomi Redmi Pad Pro 5G 8Gb/128Gb Ocean Blue;Xiaomi;Планшет Xiaomi Redmi Pad Pro 5G 8Gb/128Gb Ocean Blue;;;art_5472
Планшет Xiaomi Redmi Pad Pro 5G 8Gb/128Gb Mint Green;Xiaomi;Планшет Xiaomi Redmi Pad Pro 5G 8Gb/128Gb Mint Green;;;art_5471
Планшет Xiaomi Redmi Pad Pro 5G 8Gb/128Gb Dark Gray;Xiaomi;Планшет Xiaomi Redmi Pad Pro 5G 8Gb/128Gb Dark Gray;;;art_5470
Планшет Xiaomi Redmi Pad Pro 5G 6Gb/128Gb Ocean Blue;Xiaomi;Планшет Xiaomi Redmi Pad Pro 5G 6Gb/128Gb Ocean Blue;;;art_5469
Планшет Xiaomi Redmi Pad Pro 5G 6Gb/128Gb Mint Green;Xiaomi;Планшет Xiaomi Redmi Pad Pro 5G 6Gb/128Gb Mint Green;;;art_5468
Планшет Xiaomi Redmi Pad Pro 5G 6Gb/128Gb Dark Gray;Xiaomi;Планшет Xiaomi Redmi Pad Pro 5G 6Gb/128Gb Dark Gray;;;art_5467
Планшет POCO Pad 8Gb/256Gb Dark Gray;POCO;Планшет POCO Pad 8Gb/256Gb Dark Gray;;;art_5466
Планшет POCO Pad 8Gb/256Gb Blue;POCO;Планшет POCO Pad 8Gb/256Gb Blue;;;art_5465
Xiaomi Pad 7 8Gb/256Gb Green;Xiaomi;Xiaomi Pad 7 8Gb/256Gb Green;;;art_5464
Xiaomi Pad 7 8Gb/256Gb Gray;Xiaomi;Xiaomi Pad 7 8Gb/256Gb Gray;;;art_5463
Xiaomi Pad 7 8Gb/256Gb Blue;Xiaomi;Xiaomi Pad 7 8Gb/256Gb Blue;;;art_5462
Xiaomi Pad 7 8Gb/128Gb Green;Xiaomi;Xiaomi Pad 7 8Gb/128Gb Green;;;art_5461
Xiaomi Pad 7 8Gb/128Gb Gray;Xiaomi;Xiaomi Pad 7 8Gb/128Gb Gray;;;art_5460
Xiaomi Pad 7 8Gb/128Gb Blue;Xiaomi;Xiaomi Pad 7 8Gb/128Gb Blue;;;art_5459
Xiaomi Pad 7 12Gb/512Gb Green;Xiaomi;Xiaomi Pad 7 12Gb/512Gb Green;;;art_5458
Xiaomi Pad 7 12Gb/512Gb Gray;Xiaomi;Xiaomi Pad 7 12Gb/512Gb Gray;;;art_5457
Xiaomi Pad 7 12Gb/512Gb Blue;Xiaomi;Xiaomi Pad 7 12Gb/512Gb Blue;;;art_5456
Xiaomi Pad 7 Pro 8Gb/256Gb Green;Xiaomi;Xiaomi Pad 7 Pro 8Gb/256Gb Green;;;art_5455
Xiaomi Pad 7 Pro 8Gb/256Gb Gray;Xiaomi;Xiaomi Pad 7 Pro 8Gb/256Gb Gray;;;art_5454
Xiaomi Pad 7 Pro 8Gb/256Gb Blue;Xiaomi;Xiaomi Pad 7 Pro 8Gb/256Gb Blue;;;art_5453
Xiaomi Pad 7 Pro 8Gb/128Gb Green;Xiaomi;Xiaomi Pad 7 Pro 8Gb/128Gb Green;;;art_5452
Xiaomi Pad 7 Pro 8Gb/128Gb Gray;Xiaomi;Xiaomi Pad 7 Pro 8Gb/128Gb Gray;;;art_5451
Xiaomi Pad 7 Pro 8Gb/128Gb Blue;Xiaomi;Xiaomi Pad 7 Pro 8Gb/128Gb Blue;;;art_5450
Xiaomi Pad 7 Pro 12Gb/512Gb Green;Xiaomi;Xiaomi Pad 7 Pro 12Gb/512Gb Green;;;art_5449
Xiaomi Pad 7 Pro 12Gb/512Gb Gray;Xiaomi;Xiaomi Pad 7 Pro 12Gb/512Gb Gray;;;art_5448
Xiaomi Pad 7 Pro 12Gb/512Gb Blue;Xiaomi;Xiaomi Pad 7 Pro 12Gb/512Gb Blue;;;art_5447
Планшет Samsung Galaxy Tab S9 FE 5G 8Gb/256Gb Silver;Samsung;Планшет Samsung Galaxy Tab S9 FE 5G 8Gb/256Gb Silver;;;art_5446
Планшет Samsung Galaxy Tab S9 FE 5G 8Gb/256Gb Mint;Samsung;Планшет Samsung Galaxy Tab S9 FE 5G 8Gb/256Gb Mint;;;art_5445
Планшет Samsung Galaxy Tab S9 FE 5G 8Gb/256Gb Lavender;Samsung;Планшет Samsung Galaxy Tab S9 FE 5G 8Gb/256Gb Lavender;;;art_5444
Планшет Samsung Galaxy Tab S9 FE 5G 8Gb/256Gb Gray;Samsung;Планшет Samsung Galaxy Tab S9 FE 5G 8Gb/256Gb Gray;;;art_5443
Планшет Samsung Galaxy Tab S9 FE 5G 6Gb/128Gb Silver;Samsung;Планшет Samsung Galaxy Tab S9 FE 5G 6Gb/128Gb Silver;;;art_5442
Планшет Samsung Galaxy Tab S9 FE 5G 6Gb/128Gb Mint;Samsung;Планшет Samsung Galaxy Tab S9 FE 5G 6Gb/128Gb Mint;;;art_5441
Планшет Samsung Galaxy Tab S9 FE 5G 6Gb/128Gb Lavender;Samsung;Планшет Samsung Galaxy Tab S9 FE 5G 6Gb/128Gb Lavender;;;art_5440
Планшет Samsung Galaxy Tab S9 FE 5G 6Gb/128Gb Gray;Samsung;Планшет Samsung Galaxy Tab S9 FE 5G 6Gb/128Gb Gray;;;art_5439
Планшет Samsung Galaxy Tab S9 FE+ WI-FI 8Gb/128Gb Silver;Samsung;Планшет Samsung Galaxy Tab S9 FE+ WI-FI 8Gb/128Gb Silver;;;art_5438
Планшет Samsung Galaxy Tab S9 FE+ WI-FI 8Gb/128Gb Mint;Samsung;Планшет Samsung Galaxy Tab S9 FE+ WI-FI 8Gb/128Gb Mint;;;art_5437
Планшет Samsung Galaxy Tab S9 FE+ WI-FI 8Gb/128Gb Lavender;Samsung;Планшет Samsung Galaxy Tab S9 FE+ WI-FI 8Gb/128Gb Lavender;;;art_5436
Планшет Samsung Galaxy Tab S9 FE+ WI-FI 8Gb/128Gb Gray;Samsung;Планшет Samsung Galaxy Tab S9 FE+ WI-FI 8Gb/128Gb Gray;;;art_5435
Планшет Samsung Galaxy Tab S9 FE+ WI-FI 12Gb/256Gb Silver;Samsung;Планшет Samsung Galaxy Tab S9 FE+ WI-FI 12Gb/256Gb Silver;;;art_5434
Планшет Samsung Galaxy Tab S9 FE+ WI-FI 12Gb/256Gb Mint;Samsung;Планшет Samsung Galaxy Tab S9 FE+ WI-FI 12Gb/256Gb Mint;;;art_5433
Планшет Samsung Galaxy Tab S9 FE+ WI-FI 12Gb/256Gb Lavender;Samsung;Планшет Samsung Galaxy Tab S9 FE+ WI-FI 12Gb/256Gb Lavender;;;art_5432
Планшет Samsung Galaxy Tab S9 FE+ WI-FI 12Gb/256Gb Gray;Samsung;Планшет Samsung Galaxy Tab S9 FE+ WI-FI 12Gb/256Gb Gray;;;art_5431
Планшет Samsung Galaxy Tab S9 FE WI-FI 8Gb/256Gb Silver;Samsung;Планшет Samsung Galaxy Tab S9 FE WI-FI 8Gb/256Gb Silver;;;art_5430
Планшет Samsung Galaxy Tab S9 FE WI-FI 8Gb/256Gb Mint;Samsung;Планшет Samsung Galaxy Tab S9 FE WI-FI 8Gb/256Gb Mint;;;art_5429
Планшет Samsung Galaxy Tab S9 FE WI-FI 8Gb/256Gb Lavender;Samsung;Планшет Samsung Galaxy Tab S9 FE WI-FI 8Gb/256Gb Lavender;;;art_5428
Планшет Samsung Galaxy Tab S9 FE WI-FI 8Gb/256Gb Gray;Samsung;Планшет Samsung Galaxy Tab S9 FE WI-FI 8Gb/256Gb Gray;;;art_5427
Планшет Samsung Galaxy Tab S9 FE WI-FI 6Gb/128Gb Silver;Samsung;Планшет Samsung Galaxy Tab S9 FE WI-FI 6Gb/128Gb Silver;;;art_5426
Планшет Samsung Galaxy Tab S9 FE WI-FI 6Gb/128Gb Mint;Samsung;Планшет Samsung Galaxy Tab S9 FE WI-FI 6Gb/128Gb Mint;;;art_5425
Планшет Samsung Galaxy Tab S9 FE WI-FI 6Gb/128Gb Lavender;Samsung;Планшет Samsung Galaxy Tab S9 FE WI-FI 6Gb/128Gb Lavender;;;art_5424
Планшет Samsung Galaxy Tab S9 FE WI-FI 6Gb/128Gb Gray;Samsung;Планшет Samsung Galaxy Tab S9 FE WI-FI 6Gb/128Gb Gray;;;art_5423
Планшет Samsung Galaxy Tab S9 FE+ 5G 8Gb/128Gb Silver;Samsung;Планшет Samsung Galaxy Tab S9 FE+ 5G 8Gb/128Gb Silver;;;art_5422
Планшет Samsung Galaxy Tab S9 FE+ 5G 8Gb/128Gb Mint;Samsung;Планшет Samsung Galaxy Tab S9 FE+ 5G 8Gb/128Gb Mint;;;art_5421
Планшет Samsung Galaxy Tab S9 FE+ 5G 8Gb/128Gb Lavender;Samsung;Планшет Samsung Galaxy Tab S9 FE+ 5G 8Gb/128Gb Lavender;;;art_5420
Планшет Samsung Galaxy Tab S9 FE+ 5G 8Gb/128Gb Gray;Samsung;Планшет Samsung Galaxy Tab S9 FE+ 5G 8Gb/128Gb Gray;;;art_5419
Планшет Samsung Galaxy Tab S9 FE+ 5G 12Gb/256Gb Silver;Samsung;Планшет Samsung Galaxy Tab S9 FE+ 5G 12Gb/256Gb Silver;;;art_5418
Планшет Samsung Galaxy Tab S9 FE+ 5G 12Gb/256Gb Mint;Samsung;Планшет Samsung Galaxy Tab S9 FE+ 5G 12Gb/256Gb Mint;;;art_5417
Планшет Samsung Galaxy Tab S9 FE+ 5G 12Gb/256Gb Lavender;Samsung;Планшет Samsung Galaxy Tab S9 FE+ 5G 12Gb/256Gb Lavender;;;art_5416
Планшет Samsung Galaxy Tab S9 FE+ 5G 12Gb/256Gb Gray;Samsung;Планшет Samsung Galaxy Tab S9 FE+ 5G 12Gb/256Gb Gray;;;art_5415
Планшет Samsung Galaxy Tab S9 5G 8Gb/128Gb Graphite;Samsung;Планшет Samsung Galaxy Tab S9 5G 8Gb/128Gb Graphite;;;art_5414
Планшет Samsung Galaxy Tab S9 5G 8Gb/128Gb Beige;Samsung;Планшет Samsung Galaxy Tab S9 5G 8Gb/128Gb Beige;;;art_5413
Планшет Samsung Galaxy Tab S9 5G 12Gb/256Gb Graphite;Samsung;Планшет Samsung Galaxy Tab S9 5G 12Gb/256Gb Graphite;;;art_5412
Планшет Samsung Galaxy Tab S9 5G 12Gb/256Gb Beige;Samsung;Планшет Samsung Galaxy Tab S9 5G 12Gb/256Gb Beige;;;art_5411
Планшет Samsung Galaxy Tab S9+ 5G 12Gb/512Gb Graphite;Samsung;Планшет Samsung Galaxy Tab S9+ 5G 12Gb/512Gb Graphite;;;art_5410
Планшет Samsung Galaxy Tab S9+ 5G 12Gb/512Gb Beige;Samsung;Планшет Samsung Galaxy Tab S9+ 5G 12Gb/512Gb Beige;;;art_5409
Планшет Samsung Galaxy Tab S9+ 5G 12Gb/256Gb Graphite;Samsung;Планшет Samsung Galaxy Tab S9+ 5G 12Gb/256Gb Graphite;;;art_5408
Планшет Samsung Galaxy Tab S9+ 5G 12Gb/256Gb Beige;Samsung;Планшет Samsung Galaxy Tab S9+ 5G 12Gb/256Gb Beige;;;art_5407
Планшет Samsung Galaxy Tab S9 Wi-FI 8Gb/128Gb Graphite;Samsung;Планшет Samsung Galaxy Tab S9 Wi-FI 8Gb/128Gb Graphite;;;art_5406
Планшет Samsung Galaxy Tab S9 Wi-FI 8Gb/128Gb Beige;Samsung;Планшет Samsung Galaxy Tab S9 Wi-FI 8Gb/128Gb Beige;;;art_5405
Планшет Samsung Galaxy Tab S9 Wi-FI 12Gb/256Gb Graphite;Samsung;Планшет Samsung Galaxy Tab S9 Wi-FI 12Gb/256Gb Graphite;;;art_5404
Планшет Samsung Galaxy Tab S9 Wi-FI 12Gb/256Gb Beige;Samsung;Планшет Samsung Galaxy Tab S9 Wi-FI 12Gb/256Gb Beige;;;art_5403
Планшет Samsung Galaxy Tab S9+ WI-FI 12Gb/512Gb Graphite;Samsung;Планшет Samsung Galaxy Tab S9+ WI-FI 12Gb/512Gb Graphite;;;art_5402
Планшет Samsung Galaxy Tab S9+ WI-FI 12Gb/512Gb Beige;Samsung;Планшет Samsung Galaxy Tab S9+ WI-FI 12Gb/512Gb Beige;;;art_5401
Планшет Samsung Galaxy Tab S10 Lite 5G 8Gb/256Gb Silver;Samsung;Планшет Samsung Galaxy Tab S10 Lite 5G 8Gb/256Gb Silver;;;art_5400
Планшет Samsung Galaxy Tab S10 Lite 5G 8Gb/256Gb Gray;Samsung;Планшет Samsung Galaxy Tab S10 Lite 5G 8Gb/256Gb Gray;;;art_5399
Планшет Samsung Galaxy Tab S10 Lite 5G 8Gb/256Gb CoralRed;Samsung;Планшет Samsung Galaxy Tab S10 Lite 5G 8Gb/256Gb CoralRed;;;art_5398
Планшет Samsung Galaxy Tab S10 Lite 5G 6Gb/128Gb Silver;Samsung;Планшет Samsung Galaxy Tab S10 Lite 5G 6Gb/128Gb Silver;;;art_5397
Планшет Samsung Galaxy Tab S10 Lite 5G 6Gb/128Gb Gray;Samsung;Планшет Samsung Galaxy Tab S10 Lite 5G 6Gb/128Gb Gray;;;art_5396
Планшет Samsung Galaxy Tab S10 Lite 5G 6Gb/128Gb CoralRed;Samsung;Планшет Samsung Galaxy Tab S10 Lite 5G 6Gb/128Gb CoralRed;;;art_5395
Планшет Samsung Galaxy Tab S10 Lite Wi-Fi 8Gb/256Gb Silver;Samsung;Планшет Samsung Galaxy Tab S10 Lite Wi-Fi 8Gb/256Gb Silver;;;art_5394
Планшет Samsung Galaxy Tab S10 Lite Wi-Fi 8Gb/256Gb Gray;Samsung;Планшет Samsung Galaxy Tab S10 Lite Wi-Fi 8Gb/256Gb Gray;;;art_5393
Планшет Samsung Galaxy Tab S10 Lite Wi-Fi 8Gb/256Gb CoralRed;Samsung;Планшет Samsung Galaxy Tab S10 Lite Wi-Fi 8Gb/256Gb CoralRed;;;art_5392
Планшет Samsung Galaxy Tab S10 Lite Wi-Fi 6Gb/128Gb Silver;Samsung;Планшет Samsung Galaxy Tab S10 Lite Wi-Fi 6Gb/128Gb Silver;;;art_5391
Планшет Samsung Galaxy Tab S10 Lite Wi-Fi 6Gb/128Gb Gray;Samsung;Планшет Samsung Galaxy Tab S10 Lite Wi-Fi 6Gb/128Gb Gray;;;art_5390
Планшет Samsung Galaxy Tab S10 Lite Wi-Fi 6Gb/128Gb CoralRed;Samsung;Планшет Samsung Galaxy Tab S10 Lite Wi-Fi 6Gb/128Gb CoralRed;;;art_5389
Samsung Galaxy Tab S10 FE Plus Wi-Fi 8Gb/128Gb Silver;Samsung;Samsung Galaxy Tab S10 FE Plus Wi-Fi 8Gb/128Gb Silver;;;art_5388
Samsung Galaxy Tab S10 FE Plus Wi-Fi 8Gb/128Gb Light Blue;Samsung;Samsung Galaxy Tab S10 FE Plus Wi-Fi 8Gb/128Gb Light Blue;;;art_5387
Samsung Galaxy Tab S10 FE Plus Wi-Fi 8Gb/128Gb Gray;Samsung;Samsung Galaxy Tab S10 FE Plus Wi-Fi 8Gb/128Gb Gray;;;art_5386
Samsung Galaxy Tab S10 FE Plus Wi-Fi 12Gb/256Gb Silver;Samsung;Samsung Galaxy Tab S10 FE Plus Wi-Fi 12Gb/256Gb Silver;;;art_5385
Samsung Galaxy Tab S10 FE Plus Wi-Fi 12Gb/256Gb Light Blue;Samsung;Samsung Galaxy Tab S10 FE Plus Wi-Fi 12Gb/256Gb Light Blue;;;art_5384
Samsung Galaxy Tab S10 FE Plus Wi-Fi 12Gb/256Gb Gray;Samsung;Samsung Galaxy Tab S10 FE Plus Wi-Fi 12Gb/256Gb Gray;;;art_5383
Samsung Galaxy Tab S10 FE Plus 5G 8Gb/128Gb Silver;Samsung;Samsung Galaxy Tab S10 FE Plus 5G 8Gb/128Gb Silver;;;art_5382
Samsung Galaxy Tab S10 FE Plus 5G 8Gb/128Gb Light Blue;Samsung;Samsung Galaxy Tab S10 FE Plus 5G 8Gb/128Gb Light Blue;;;art_5381
Samsung Galaxy Tab S10 FE Plus 5G 8Gb/128Gb Gray;Samsung;Samsung Galaxy Tab S10 FE Plus 5G 8Gb/128Gb Gray;;;art_5380
Samsung Galaxy Tab S10 FE Plus 5G 12Gb/256Gb Silver;Samsung;Samsung Galaxy Tab S10 FE Plus 5G 12Gb/256Gb Silver;;;art_5379
Samsung Galaxy Tab S10 FE Plus 5G 12Gb/256Gb Light Blue;Samsung;Samsung Galaxy Tab S10 FE Plus 5G 12Gb/256Gb Light Blue;;;art_5378
Samsung Galaxy Tab S10 FE Plus 5G 12Gb/256Gb Gray;Samsung;Samsung Galaxy Tab S10 FE Plus 5G 12Gb/256Gb Gray;;;art_5377
Samsung Galaxy Tab S10 FE 5G 8Gb/128Gb Silver;Samsung;Samsung Galaxy Tab S10 FE 5G 8Gb/128Gb Silver;;;art_5376
Samsung Galaxy Tab S10 FE 5G 8Gb/128Gb Light Blue;Samsung;Samsung Galaxy Tab S10 FE 5G 8Gb/128Gb Light Blue;;;art_5375
Samsung Galaxy Tab S10 FE 5G 8Gb/128Gb Gray;Samsung;Samsung Galaxy Tab S10 FE 5G 8Gb/128Gb Gray;;;art_5374
Samsung Galaxy Tab S10 FE 5G 12Gb/256Gb Silver;Samsung;Samsung Galaxy Tab S10 FE 5G 12Gb/256Gb Silver;;;art_5373
Samsung Galaxy Tab S10 FE 5G 12Gb/256Gb Light Blue;Samsung;Samsung Galaxy Tab S10 FE 5G 12Gb/256Gb Light Blue;;;art_5372
Samsung Galaxy Tab S10 FE 5G 12Gb/256Gb Gray;Samsung;Samsung Galaxy Tab S10 FE 5G 12Gb/256Gb Gray;;;art_5371
Планшет Samsung Galaxy Tab S9+ WI-FI 12Gb/256Gb Graphite;Samsung;Планшет Samsung Galaxy Tab S9+ WI-FI 12Gb/256Gb Graphite;;;art_5370
Планшет Samsung Galaxy Tab S9+ WI-FI 12Gb/256Gb Beige;Samsung;Планшет Samsung Galaxy Tab S9+ WI-FI 12Gb/256Gb Beige;;;art_5369
Планшет Samsung Galaxy Tab S9 Ultra 5G 16Gb/1Tb Graphite;Samsung;Планшет Samsung Galaxy Tab S9 Ultra 5G 16Gb/1Tb Graphite;;;art_5368
Планшет Samsung Galaxy Tab S9 Ultra 5G 16Gb/1Tb Beige;Samsung;Планшет Samsung Galaxy Tab S9 Ultra 5G 16Gb/1Tb Beige;;;art_5367
Планшет Samsung Galaxy Tab S9 Ultra 5G 12Gb/512Gb Graphite;Samsung;Планшет Samsung Galaxy Tab S9 Ultra 5G 12Gb/512Gb Graphite;;;art_5366
Планшет Samsung Galaxy Tab S9 Ultra 5G 12Gb/512Gb Beige;Samsung;Планшет Samsung Galaxy Tab S9 Ultra 5G 12Gb/512Gb Beige;;;art_5365
Планшет Samsung Galaxy Tab S9 Ultra 5G 12Gb/256Gb Graphite;Samsung;Планшет Samsung Galaxy Tab S9 Ultra 5G 12Gb/256Gb Graphite;;;art_5364
Планшет Samsung Galaxy Tab S9 Ultra 5G 12Gb/256Gb Beige;Samsung;Планшет Samsung Galaxy Tab S9 Ultra 5G 12Gb/256Gb Beige;;;art_5363
Планшет Samsung Galaxy Tab S9 Ultra WI-FI 16Gb/1Tb Graphite;Samsung;Планшет Samsung Galaxy Tab S9 Ultra WI-FI 16Gb/1Tb Graphite;;;art_5362
Планшет Samsung Galaxy Tab S9 Ultra WI-FI 16Gb/1Tb Beige;Samsung;Планшет Samsung Galaxy Tab S9 Ultra WI-FI 16Gb/1Tb Beige;;;art_5361
Планшет Samsung Galaxy Tab S9 Ultra WI-FI 12Gb/512Gb Graphite;Samsung;Планшет Samsung Galaxy Tab S9 Ultra WI-FI 12Gb/512Gb Graphite;;;art_5360
Планшет Samsung Galaxy Tab S9 Ultra WI-FI 12Gb/512Gb Beige;Samsung;Планшет Samsung Galaxy Tab S9 Ultra WI-FI 12Gb/512Gb Beige;;;art_5359
Планшет Samsung Galaxy Tab S9 Ultra WI-FI 12Gb/256Gb Graphite;Samsung;Планшет Samsung Galaxy Tab S9 Ultra WI-FI 12Gb/256Gb Graphite;;;art_5358
Планшет Samsung Galaxy Tab S9 Ultra WI-FI 12Gb/256Gb Beige;Samsung;Планшет Samsung Galaxy Tab S9 Ultra WI-FI 12Gb/256Gb Beige;;;art_5357
Samsung Galaxy Tab S10 FE Wi-Fi 8Gb/128Gb Silver;Samsung;Samsung Galaxy Tab S10 FE Wi-Fi 8Gb/128Gb Silver;;;art_5356
Samsung Galaxy Tab S10 FE Wi-Fi 8Gb/128Gb Light Blue;Samsung;Samsung Galaxy Tab S10 FE Wi-Fi 8Gb/128Gb Light Blue;;;art_5355
Samsung Galaxy Tab S10 FE Wi-Fi 8Gb/128Gb Gray;Samsung;Samsung Galaxy Tab S10 FE Wi-Fi 8Gb/128Gb Gray;;;art_5354
Samsung Galaxy Tab S10 FE Wi-Fi 12Gb/256Gb Silver;Samsung;Samsung Galaxy Tab S10 FE Wi-Fi 12Gb/256Gb Silver;;;art_5353
Samsung Galaxy Tab S10 FE Wi-Fi 12Gb/256Gb Light Blue;Samsung;Samsung Galaxy Tab S10 FE Wi-Fi 12Gb/256Gb Light Blue;;;art_5352
Samsung Galaxy Tab S10 FE Wi-Fi 12Gb/256Gb Gray;Samsung;Samsung Galaxy Tab S10 FE Wi-Fi 12Gb/256Gb Gray;;;art_5351
Планшет Samsung Galaxy Tab S10+ 5G 12Gb/512Gb Platinum Silver;Samsung;Планшет Samsung Galaxy Tab S10+ 5G 12Gb/512Gb Platinum Silver;;;art_5350
Планшет Samsung Galaxy Tab S10+ 5G 12Gb/512Gb Moonstone Grey;Samsung;Планшет Samsung Galaxy Tab S10+ 5G 12Gb/512Gb Moonstone Grey;;;art_5349
Планшет Samsung Galaxy Tab S10+ 5G 12Gb/256Gb Platinum Silver;Samsung;Планшет Samsung Galaxy Tab S10+ 5G 12Gb/256Gb Platinum Silver;;;art_5348
Планшет Samsung Galaxy Tab S10+ 5G 12Gb/256Gb Moonstone Grey;Samsung;Планшет Samsung Galaxy Tab S10+ 5G 12Gb/256Gb Moonstone Grey;;;art_5347
Планшет Samsung Galaxy Tab S10+ Wi-Fi 12Gb/512Gb Platinum Silver;Samsung;Планшет Samsung Galaxy Tab S10+ Wi-Fi 12Gb/512Gb Platinum Silver;;;art_5346
Планшет Samsung Galaxy Tab S10+ Wi-Fi 12Gb/512Gb Moonstone Grey;Samsung;Планшет Samsung Galaxy Tab S10+ Wi-Fi 12Gb/512Gb Moonstone Grey;;;art_5345
Планшет Samsung Galaxy Tab S10+ Wi-Fi 12Gb/256Gb Platinum Silver;Samsung;Планшет Samsung Galaxy Tab S10+ Wi-Fi 12Gb/256Gb Platinum Silver;;;art_5344
Планшет Samsung Galaxy Tab S10+ Wi-Fi 12Gb/256Gb Moonstone Grey;Samsung;Планшет Samsung Galaxy Tab S10+ Wi-Fi 12Gb/256Gb Moonstone Grey;;;art_5343
Планшет Samsung Galaxy Tab S10 Ultra 5G 16Gb/1Tb Platinum Silver;Samsung;Планшет Samsung Galaxy Tab S10 Ultra 5G 16Gb/1Tb Platinum Silver;;;art_5342
Планшет Samsung Galaxy Tab S10 Ultra 5G 16Gb/1Tb Moonstone Grey;Samsung;Планшет Samsung Galaxy Tab S10 Ultra 5G 16Gb/1Tb Moonstone Grey;;;art_5341
Планшет Samsung Galaxy Tab S10 Ultra 5G 12Gb/512Gb Platinum Silver;Samsung;Планшет Samsung Galaxy Tab S10 Ultra 5G 12Gb/512Gb Platinum Silver;;;art_5340
Планшет Samsung Galaxy Tab S10 Ultra 5G 12Gb/512Gb Moonstone Grey;Samsung;Планшет Samsung Galaxy Tab S10 Ultra 5G 12Gb/512Gb Moonstone Grey;;;art_5339
Планшет Samsung Galaxy Tab S10 Ultra 5G 12Gb/256Gb Platinum Silver;Samsung;Планшет Samsung Galaxy Tab S10 Ultra 5G 12Gb/256Gb Platinum Silver;;;art_5338
Планшет Samsung Galaxy Tab S10 Ultra 5G 12Gb/256Gb Moonstone Grey;Samsung;Планшет Samsung Galaxy Tab S10 Ultra 5G 12Gb/256Gb Moonstone Grey;;;art_5337
Планшет Samsung Galaxy Tab S10 Ultra Wi-Fi 16Gb/1Tb Platinum Silver;Samsung;Планшет Samsung Galaxy Tab S10 Ultra Wi-Fi 16Gb/1Tb Platinum Silver;;;art_5336
Планшет Samsung Galaxy Tab S10 Ultra Wi-Fi 16Gb/1Tb Moonstone Grey;Samsung;Планшет Samsung Galaxy Tab S10 Ultra Wi-Fi 16Gb/1Tb Moonstone Grey;;;art_5335
Планшет Samsung Galaxy Tab S10 Ultra Wi-Fi 12Gb/512Gb Platinum Silver;Samsung;Планшет Samsung Galaxy Tab S10 Ultra Wi-Fi 12Gb/512Gb Platinum Silver;;;art_5334
Планшет Samsung Galaxy Tab S10 Ultra Wi-Fi 12Gb/512Gb Moonstone Grey;Samsung;Планшет Samsung Galaxy Tab S10 Ultra Wi-Fi 12Gb/512Gb Moonstone Grey;;;art_5333
Планшет Samsung Galaxy Tab S10 Ultra Wi-Fi 12Gb/256Gb Platinum Silver;Samsung;Планшет Samsung Galaxy Tab S10 Ultra Wi-Fi 12Gb/256Gb Platinum Silver;;;art_5332
Планшет Samsung Galaxy Tab S10 Ultra Wi-Fi 12Gb/256Gb Moonstone Grey;Samsung;Планшет Samsung Galaxy Tab S10 Ultra Wi-Fi 12Gb/256Gb Moonstone Grey;;;art_5331
Планшет Samsung Galaxy Tab S11 5G 12Gb/512Gb Silver;Samsung;Планшет Samsung Galaxy Tab S11 5G 12Gb/512Gb Silver;;;art_5330
Планшет Samsung Galaxy Tab S11 5G 12Gb/512Gb Gray;Samsung;Планшет Samsung Galaxy Tab S11 5G 12Gb/512Gb Gray;;;art_5329
Планшет Samsung Galaxy Tab S11 5G 12Gb/256Gb Silver;Samsung;Планшет Samsung Galaxy Tab S11 5G 12Gb/256Gb Silver;;;art_5328
Планшет Samsung Galaxy Tab S11 5G 12Gb/256Gb Gray;Samsung;Планшет Samsung Galaxy Tab S11 5G 12Gb/256Gb Gray;;;art_5327
Планшет Samsung Galaxy Tab S11 5G 12Gb/128Gb Silver;Samsung;Планшет Samsung Galaxy Tab S11 5G 12Gb/128Gb Silver;;;art_5326
Планшет Samsung Galaxy Tab S11 5G 12Gb/128Gb Gray;Samsung;Планшет Samsung Galaxy Tab S11 5G 12Gb/128Gb Gray;;;art_5325
Планшет Samsung Galaxy Tab S11 Wi-Fi 12Gb/512Gb Silver;Samsung;Планшет Samsung Galaxy Tab S11 Wi-Fi 12Gb/512Gb Silver;;;art_5324
Планшет Samsung Galaxy Tab S11 Wi-Fi 12Gb/512Gb Gray;Samsung;Планшет Samsung Galaxy Tab S11 Wi-Fi 12Gb/512Gb Gray;;;art_5323
Планшет Samsung Galaxy Tab S11 Wi-Fi 12Gb/256Gb Silver;Samsung;Планшет Samsung Galaxy Tab S11 Wi-Fi 12Gb/256Gb Silver;;;art_5322
Планшет Samsung Galaxy Tab S11 Wi-Fi 12Gb/256Gb Gray;Samsung;Планшет Samsung Galaxy Tab S11 Wi-Fi 12Gb/256Gb Gray;;;art_5321
Планшет Samsung Galaxy Tab S11 Wi-Fi 12Gb/128Gb Silver;Samsung;Планшет Samsung Galaxy Tab S11 Wi-Fi 12Gb/128Gb Silver;;;art_5320
Планшет Samsung Galaxy Tab S11 Wi-Fi 12Gb/128Gb Gray;Samsung;Планшет Samsung Galaxy Tab S11 Wi-Fi 12Gb/128Gb Gray;;;art_5319
Планшет Samsung Galaxy Tab S11 Ultra Wi-Fi 16Gb/1Tb Silver;Samsung;Планшет Samsung Galaxy Tab S11 Ultra Wi-Fi 16Gb/1Tb Silver;;;art_5318
Планшет Samsung Galaxy Tab S11 Ultra Wi-Fi 16Gb/1Tb Gray;Samsung;Планшет Samsung Galaxy Tab S11 Ultra Wi-Fi 16Gb/1Tb Gray;;;art_5317
Планшет Samsung Galaxy Tab S11 Ultra Wi-Fi 12Gb/512Gb Silver;Samsung;Планшет Samsung Galaxy Tab S11 Ultra Wi-Fi 12Gb/512Gb Silver;;;art_5316
Планшет Samsung Galaxy Tab S11 Ultra Wi-Fi 12Gb/512Gb Gray;Samsung;Планшет Samsung Galaxy Tab S11 Ultra Wi-Fi 12Gb/512Gb Gray;;;art_5315
Планшет Samsung Galaxy Tab S11 Ultra Wi-Fi 12Gb/256Gb Silver;Samsung;Планшет Samsung Galaxy Tab S11 Ultra Wi-Fi 12Gb/256Gb Silver;;;art_5314
Планшет Samsung Galaxy Tab S11 Ultra Wi-Fi 12Gb/256Gb Gray;Samsung;Планшет Samsung Galaxy Tab S11 Ultra Wi-Fi 12Gb/256Gb Gray;;;art_5313
Планшет Samsung Galaxy Tab S11 Ultra 5G 16Gb/1Tb Silver;Samsung;Планшет Samsung Galaxy Tab S11 Ultra 5G 16Gb/1Tb Silver;;;art_5312
Планшет Samsung Galaxy Tab S11 Ultra 5G 16Gb/1Tb Gray;Samsung;Планшет Samsung Galaxy Tab S11 Ultra 5G 16Gb/1Tb Gray;;;art_5311
Планшет Samsung Galaxy Tab S11 Ultra 5G 12Gb/512Gb Silver;Samsung;Планшет Samsung Galaxy Tab S11 Ultra 5G 12Gb/512Gb Silver;;;art_5310
Планшет Samsung Galaxy Tab S11 Ultra 5G 12Gb/512Gb Gray;Samsung;Планшет Samsung Galaxy Tab S11 Ultra 5G 12Gb/512Gb Gray;;;art_5309
Планшет Samsung Galaxy Tab S11 Ultra 5G 12Gb/256Gb Silver;Samsung;Планшет Samsung Galaxy Tab S11 Ultra 5G 12Gb/256Gb Silver;;;art_5308
Планшет Samsung Galaxy Tab S11 Ultra 5G 12Gb/256Gb Gray;Samsung;Планшет Samsung Galaxy Tab S11 Ultra 5G 12Gb/256Gb Gray;;;art_5307
Планшет Apple iPad Mini 7 2024 5G 512Gb Starlight;Apple;Планшет Apple iPad Mini 7 2024 5G 512Gb Starlight;звездный свет;#ffa500;art_5306
Планшет Apple iPad Mini 7 2024 5G 512Gb Space Gray;Apple;Планшет Apple iPad Mini 7 2024 5G 512Gb Space Gray;серый космос;;art_5305
Планшет Apple iPad Mini 7 2024 5G 512Gb Purple;Apple;Планшет Apple iPad Mini 7 2024 5G 512Gb Purple;фиолетовый;;art_5304
Планшет Apple iPad Mini 7 2024 5G 512Gb Blue;Apple;Планшет Apple iPad Mini 7 2024 5G 512Gb Blue;голубой;;art_5303
Планшет Apple iPad Mini 7 2024 5G 256Gb Starlight;Apple;Планшет Apple iPad Mini 7 2024 5G 256Gb Starlight;;;art_5302
Планшет Apple iPad Mini 7 2024 5G 256Gb Space Gray;Apple;Планшет Apple iPad Mini 7 2024 5G 256Gb Space Gray;;;art_5301
Планшет Apple iPad Mini 7 2024 5G 256Gb Purple;Apple;Планшет Apple iPad Mini 7 2024 5G 256Gb Purple;;;art_5300
Планшет Apple iPad Mini 7 2024 5G 256Gb Blue;Apple;Планшет Apple iPad Mini 7 2024 5G 256Gb Blue;;;art_5299
Планшет Apple iPad Mini 7 2024 5G 128Gb Starlight;Apple;Планшет Apple iPad Mini 7 2024 5G 128Gb Starlight;;;art_5298
Планшет Apple iPad Mini 7 2024 5G 128Gb Space Gray;Apple;Планшет Apple iPad Mini 7 2024 5G 128Gb Space Gray;;;art_5297
Планшет Apple iPad Mini 7 2024 5G 128Gb Purple;Apple;Планшет Apple iPad Mini 7 2024 5G 128Gb Purple;;;art_5296
Планшет Apple iPad Mini 7 2024 5G 128Gb Blue;Apple;Планшет Apple iPad Mini 7 2024 5G 128Gb Blue;;;art_5295
Планшет Apple iPad Mini 7 2024 Wi-Fi 512Gb Starlight;Apple;Планшет Apple iPad Mini 7 2024 Wi-Fi 512Gb Starlight;;;art_5294
Планшет Apple iPad Mini 7 2024 Wi-Fi 512Gb Space Gray;Apple;Планшет Apple iPad Mini 7 2024 Wi-Fi 512Gb Space Gray;;;art_5293
Планшет Apple iPad Mini 7 2024 Wi-Fi 512Gb Purple;Apple;Планшет Apple iPad Mini 7 2024 Wi-Fi 512Gb Purple;;;art_5292
Планшет Apple iPad Mini 7 2024 Wi-Fi 512Gb Blue;Apple;Планшет Apple iPad Mini 7 2024 Wi-Fi 512Gb Blue;;;art_5291
Планшет Apple iPad Mini 7 2024 Wi-Fi 256Gb Starlight;Apple;Планшет Apple iPad Mini 7 2024 Wi-Fi 256Gb Starlight;;;art_5290
Планшет Apple iPad Mini 7 2024 Wi-Fi 256Gb Space Gray;Apple;Планшет Apple iPad Mini 7 2024 Wi-Fi 256Gb Space Gray;;;art_5289
Планшет Apple iPad Mini 7 2024 Wi-Fi 256Gb Purple;Apple;Планшет Apple iPad Mini 7 2024 Wi-Fi 256Gb Purple;;;art_5288
Планшет Apple iPad Mini 7 2024 Wi-Fi 256Gb Blue;Apple;Планшет Apple iPad Mini 7 2024 Wi-Fi 256Gb Blue;;;art_5287
Планшет Apple iPad Mini 7 2024 Wi-Fi 128Gb Starlight;Apple;Планшет Apple iPad Mini 7 2024 Wi-Fi 128Gb Starlight;;;art_5286
Планшет Apple iPad Mini 7 2024 Wi-Fi 128Gb Space Gray;Apple;Планшет Apple iPad Mini 7 2024 Wi-Fi 128Gb Space Gray;;;art_5285
Планшет Apple iPad Mini 7 2024 Wi-Fi 128Gb Purple;Apple;Планшет Apple iPad Mini 7 2024 Wi-Fi 128Gb Purple;;;art_5284
Планшет Apple iPad Mini 7 2024 Wi-Fi 128Gb Blue;Apple;Планшет Apple iPad Mini 7 2024 Wi-Fi 128Gb Blue;;;art_5283
Apple iPad 11 2025 5G 512Gb Yellow;Apple;Apple iPad 11 2025 5G 512Gb Yellow;;;art_5282
Apple iPad 11 2025 5G 512Gb Silver;Apple;Apple iPad 11 2025 5G 512Gb Silver;;;art_5281
Apple iPad 11 2025 5G 512Gb Pink;Apple;Apple iPad 11 2025 5G 512Gb Pink;;;art_5280
Apple iPad 11 2025 5G 512Gb Blue;Apple;Apple iPad 11 2025 5G 512Gb Blue;;;art_5279
Apple iPad 11 2025 5G 256Gb Yellow;Apple;Apple iPad 11 2025 5G 256Gb Yellow;;;art_5278
Apple iPad 11 2025 5G 256Gb Silver;Apple;Apple iPad 11 2025 5G 256Gb Silver;;;art_5277
Apple iPad 11 2025 5G 256Gb Pink;Apple;Apple iPad 11 2025 5G 256Gb Pink;;;art_5276
Apple iPad 11 2025 5G 256Gb Blue;Apple;Apple iPad 11 2025 5G 256Gb Blue;;;art_5275
Apple iPad 11 2025 5G 128Gb Yellow;Apple;Apple iPad 11 2025 5G 128Gb Yellow;;;art_5274
Apple iPad 11 2025 5G 128Gb Silver;Apple;Apple iPad 11 2025 5G 128Gb Silver;;;art_5273
Apple iPad 11 2025 5G 128Gb Pink;Apple;Apple iPad 11 2025 5G 128Gb Pink;;;art_5272
Apple iPad 11 2025 5G 128Gb Blue;Apple;Apple iPad 11 2025 5G 128Gb Blue;;;art_5271
Планшет Apple iPad Pro 11 M4 2024 5G 8Gb/512Gb Space Black;Apple;Планшет Apple iPad Pro 11 M4 2024 5G 8Gb/512Gb Space Black;;;art_5270
Планшет Apple iPad Pro 11 M4 2024 5G 8Gb/512Gb Silver;Apple;Планшет Apple iPad Pro 11 M4 2024 5G 8Gb/512Gb Silver;;;art_5269
Планшет Apple iPad Pro 11 M4 2024 5G 8Gb/256Gb Space Black;Apple;Планшет Apple iPad Pro 11 M4 2024 5G 8Gb/256Gb Space Black;;;art_5268
Планшет Apple iPad Pro 11 M4 2024 5G 8Gb/256Gb Silver;Apple;Планшет Apple iPad Pro 11 M4 2024 5G 8Gb/256Gb Silver;;;art_5267
Планшет Apple iPad Pro 11 M4 2024 5G 16Gb/2Tb Space Black;Apple;Планшет Apple iPad Pro 11 M4 2024 5G 16Gb/2Tb Space Black;;;art_5266
Планшет Apple iPad Pro 11 M4 2024 5G 16Gb/2Tb Silver;Apple;Планшет Apple iPad Pro 11 M4 2024 5G 16Gb/2Tb Silver;;;art_5265
Планшет Apple iPad Pro 11 M4 2024 5G 16Gb/1Tb Space Black;Apple;Планшет Apple iPad Pro 11 M4 2024 5G 16Gb/1Tb Space Black;;;art_5264
Планшет Apple iPad Pro 11 M4 2024 5G 16Gb/1Tb Silver;Apple;Планшет Apple iPad Pro 11 M4 2024 5G 16Gb/1Tb Silver;;;art_5263
Планшет Apple iPad Pro 11 M4 2024 Wi-Fi 8Gb/512Gb Space Black;Apple;Планшет Apple iPad Pro 11 M4 2024 Wi-Fi 8Gb/512Gb Space Black;;;art_5262
Планшет Apple iPad Pro 11 M4 2024 Wi-Fi 8Gb/512Gb Silver;Apple;Планшет Apple iPad Pro 11 M4 2024 Wi-Fi 8Gb/512Gb Silver;;;art_5261
Планшет Apple iPad Pro 11 M4 2024 Wi-Fi 8Gb/256Gb Space Black;Apple;Планшет Apple iPad Pro 11 M4 2024 Wi-Fi 8Gb/256Gb Space Black;;;art_5260
Планшет Apple iPad Pro 11 M4 2024 Wi-Fi 8Gb/256Gb Silver;Apple;Планшет Apple iPad Pro 11 M4 2024 Wi-Fi 8Gb/256Gb Silver;;;art_5259
Планшет Apple iPad Pro 11 M4 2024 Wi-Fi 16Gb/2Tb Space Black;Apple;Планшет Apple iPad Pro 11 M4 2024 Wi-Fi 16Gb/2Tb Space Black;;;art_5258
Планшет Apple iPad Pro 11 M4 2024 Wi-Fi 16Gb/2Tb Silver;Apple;Планшет Apple iPad Pro 11 M4 2024 Wi-Fi 16Gb/2Tb Silver;;;art_5257
Планшет Apple iPad Pro 11 M4 2024 Wi-Fi 16Gb/1Tb Space Black;Apple;Планшет Apple iPad Pro 11 M4 2024 Wi-Fi 16Gb/1Tb Space Black;;;art_5256
Планшет Apple iPad Pro 11 M4 2024 Wi-Fi 16Gb/1Tb Silver;Apple;Планшет Apple iPad Pro 11 M4 2024 Wi-Fi 16Gb/1Tb Silver;;;art_5255
Планшет Apple iPad Pro 13 M4 2024 5G 8Gb/512Gb Space Black;Apple;Планшет Apple iPad Pro 13 M4 2024 5G 8Gb/512Gb Space Black;;;art_5254
Планшет Apple iPad Pro 13 M4 2024 5G 8Gb/512Gb Silver;Apple;Планшет Apple iPad Pro 13 M4 2024 5G 8Gb/512Gb Silver;;;art_5253
Планшет Apple iPad Pro 13 M4 2024 5G 8Gb/256Gb Space Black;Apple;Планшет Apple iPad Pro 13 M4 2024 5G 8Gb/256Gb Space Black;;;art_5252
Планшет Apple iPad Pro 13 M4 2024 5G 8Gb/256Gb Silver;Apple;Планшет Apple iPad Pro 13 M4 2024 5G 8Gb/256Gb Silver;;;art_5251
Планшет Apple iPad Pro 13 M4 2024 5G 16Gb/2Tb Space Black;Apple;Планшет Apple iPad Pro 13 M4 2024 5G 16Gb/2Tb Space Black;;;art_5250
Планшет Apple iPad Pro 13 M4 2024 5G 16Gb/2Tb Silver;Apple;Планшет Apple iPad Pro 13 M4 2024 5G 16Gb/2Tb Silver;;;art_5249
Планшет Apple iPad Pro 13 M4 2024 5G 16Gb/1Tb Space Black;Apple;Планшет Apple iPad Pro 13 M4 2024 5G 16Gb/1Tb Space Black;;;art_5248
Планшет Apple iPad Pro 13 M4 2024 5G 16Gb/1Tb Silver;Apple;Планшет Apple iPad Pro 13 M4 2024 5G 16Gb/1Tb Silver;;;art_5247
Планшет Apple iPad Air 11 M2 2024 5G 512Gb Starlight;Apple;Планшет Apple iPad Air 11 M2 2024 5G 512Gb Starlight;;;art_5246
Планшет Apple iPad Air 11 M2 2024 5G 512Gb Space Gray;Apple;Планшет Apple iPad Air 11 M2 2024 5G 512Gb Space Gray;;;art_5245
Планшет Apple iPad Air 11 M2 2024 5G 512Gb Purple;Apple;Планшет Apple iPad Air 11 M2 2024 5G 512Gb Purple;;;art_5244
Планшет Apple iPad Air 11 M2 2024 5G 512Gb Blue;Apple;Планшет Apple iPad Air 11 M2 2024 5G 512Gb Blue;;;art_5243
Планшет Apple iPad Air 11 M2 2024 5G 256Gb Starlight;Apple;Планшет Apple iPad Air 11 M2 2024 5G 256Gb Starlight;;;art_5242
Планшет Apple iPad Air 11 M2 2024 5G 256Gb Space Gray;Apple;Планшет Apple iPad Air 11 M2 2024 5G 256Gb Space Gray;;;art_5241
Планшет Apple iPad Air 11 M2 2024 5G 256Gb Purple;Apple;Планшет Apple iPad Air 11 M2 2024 5G 256Gb Purple;;;art_5240
Планшет Apple iPad Air 11 M2 2024 5G 256Gb Blue;Apple;Планшет Apple iPad Air 11 M2 2024 5G 256Gb Blue;;;art_5239
Планшет Apple iPad Air 11 M2 2024 5G 1Tb Starlight;Apple;Планшет Apple iPad Air 11 M2 2024 5G 1Tb Starlight;;;art_5238
Планшет Apple iPad Air 11 M2 2024 5G 1Tb Space Gray;Apple;Планшет Apple iPad Air 11 M2 2024 5G 1Tb Space Gray;;;art_5237
Планшет Apple iPad Air 11 M2 2024 5G 1Tb Purple;Apple;Планшет Apple iPad Air 11 M2 2024 5G 1Tb Purple;;;art_5236
Планшет Apple iPad Air 11 M2 2024 5G 1Tb Blue;Apple;Планшет Apple iPad Air 11 M2 2024 5G 1Tb Blue;;;art_5235
Планшет Apple iPad Air 11 M2 2024 5G 128Gb Starlight;Apple;Планшет Apple iPad Air 11 M2 2024 5G 128Gb Starlight;;;art_5234
Планшет Apple iPad Air 11 M2 2024 5G 128Gb Space Gray;Apple;Планшет Apple iPad Air 11 M2 2024 5G 128Gb Space Gray;;;art_5233
Планшет Apple iPad Air 11 M2 2024 5G 128Gb Purple;Apple;Планшет Apple iPad Air 11 M2 2024 5G 128Gb Purple;;;art_5232
Планшет Apple iPad Air 11 M2 2024 5G 128Gb Blue;Apple;Планшет Apple iPad Air 11 M2 2024 5G 128Gb Blue;;;art_5231
Планшет Apple iPad Air 11 M2 2024 Wi-Fi 512Gb Starlight;Apple;Планшет Apple iPad Air 11 M2 2024 Wi-Fi 512Gb Starlight;;;art_5230
Планшет Apple iPad Pro 13 M4 2024 Wi-Fi 8Gb/512Gb Space Black;Apple;Планшет Apple iPad Pro 13 M4 2024 Wi-Fi 8Gb/512Gb Space Black;;;art_5229
Планшет Apple iPad Pro 13 M4 2024 Wi-Fi 8Gb/512Gb Silver;Apple;Планшет Apple iPad Pro 13 M4 2024 Wi-Fi 8Gb/512Gb Silver;;;art_5228
Планшет Apple iPad Pro 13 M4 2024 Wi-Fi 8Gb/256Gb Space Black;Apple;Планшет Apple iPad Pro 13 M4 2024 Wi-Fi 8Gb/256Gb Space Black;;;art_5227
Планшет Apple iPad Pro 13 M4 2024 Wi-Fi 8Gb/256Gb Silver;Apple;Планшет Apple iPad Pro 13 M4 2024 Wi-Fi 8Gb/256Gb Silver;;;art_5226
Планшет Apple iPad Pro 13 M4 2024 Wi-Fi 16Gb/2Tb Space Black;Apple;Планшет Apple iPad Pro 13 M4 2024 Wi-Fi 16Gb/2Tb Space Black;;;art_5225
Планшет Apple iPad Pro 13 M4 2024 Wi-Fi 16Gb/2Tb Silver;Apple;Планшет Apple iPad Pro 13 M4 2024 Wi-Fi 16Gb/2Tb Silver;;;art_5224
Планшет Apple iPad Pro 13 M4 2024 Wi-Fi 16Gb/1Tb Space Black;Apple;Планшет Apple iPad Pro 13 M4 2024 Wi-Fi 16Gb/1Tb Space Black;;;art_5223
Планшет Apple iPad Pro 13 M4 2024 Wi-Fi 16Gb/1Tb Silver;Apple;Планшет Apple iPad Pro 13 M4 2024 Wi-Fi 16Gb/1Tb Silver;;;art_5222
Планшет Apple iPad Air 11 M2 2024 Wi-Fi 512Gb Space Gray;Apple;Планшет Apple iPad Air 11 M2 2024 Wi-Fi 512Gb Space Gray;;;art_5221
Планшет Apple iPad Air 11 M2 2024 Wi-Fi 512Gb Purple;Apple;Планшет Apple iPad Air 11 M2 2024 Wi-Fi 512Gb Purple;;;art_5220
Планшет Apple iPad Air 11 M2 2024 Wi-Fi 512Gb Blue;Apple;Планшет Apple iPad Air 11 M2 2024 Wi-Fi 512Gb Blue;;;art_5219
Планшет Apple iPad Air 11 M2 2024 Wi-Fi 256Gb Starlight;Apple;Планшет Apple iPad Air 11 M2 2024 Wi-Fi 256Gb Starlight;;;art_5218
Планшет Apple iPad Air 11 M2 2024 Wi-Fi 256Gb Space Gray;Apple;Планшет Apple iPad Air 11 M2 2024 Wi-Fi 256Gb Space Gray;;;art_5217
Планшет Apple iPad Air 11 M2 2024 Wi-Fi 256Gb Purple;Apple;Планшет Apple iPad Air 11 M2 2024 Wi-Fi 256Gb Purple;;;art_5216
Планшет Apple iPad Air 11 M2 2024 Wi-Fi 256Gb Blue;Apple;Планшет Apple iPad Air 11 M2 2024 Wi-Fi 256Gb Blue;;;art_5215
Планшет Apple iPad Air 11 M2 2024 Wi-Fi 1Tb Starlight;Apple;Планшет Apple iPad Air 11 M2 2024 Wi-Fi 1Tb Starlight;;;art_5214
Планшет Apple iPad Air 11 M2 2024 Wi-Fi 1Tb Space Gray;Apple;Планшет Apple iPad Air 11 M2 2024 Wi-Fi 1Tb Space Gray;;;art_5213
Планшет Apple iPad Air 11 M2 2024 Wi-Fi 1Tb Purple;Apple;Планшет Apple iPad Air 11 M2 2024 Wi-Fi 1Tb Purple;;;art_5212
Планшет Apple iPad Air 11 M2 2024 Wi-Fi 1Tb Blue;Apple;Планшет Apple iPad Air 11 M2 2024 Wi-Fi 1Tb Blue;;;art_5211
Планшет Apple iPad Air 11 M2 2024 Wi-Fi 128Gb Starlight;Apple;Планшет Apple iPad Air 11 M2 2024 Wi-Fi 128Gb Starlight;;;art_5210
Планшет Apple iPad Air 11 M2 2024 Wi-Fi 128Gb Space Gray;Apple;Планшет Apple iPad Air 11 M2 2024 Wi-Fi 128Gb Space Gray;;;art_5209
Планшет Apple iPad Air 11 M2 2024 Wi-Fi 128Gb Purple;Apple;Планшет Apple iPad Air 11 M2 2024 Wi-Fi 128Gb Purple;;;art_5208
Планшет Apple iPad Air 11 M2 2024 Wi-Fi 128Gb Blue;Apple;Планшет Apple iPad Air 11 M2 2024 Wi-Fi 128Gb Blue;;;art_5207
Apple iPad 11 2025 Wi-Fi 512Gb Yellow;Apple;Apple iPad 11 2025 Wi-Fi 512Gb Yellow;;;art_5206
Apple iPad 11 2025 Wi-Fi 512Gb Silver;Apple;Apple iPad 11 2025 Wi-Fi 512Gb Silver;;;art_5205
Apple iPad 11 2025 Wi-Fi 512Gb Pink;Apple;Apple iPad 11 2025 Wi-Fi 512Gb Pink;;;art_5204
Apple iPad 11 2025 Wi-Fi 512Gb Blue;Apple;Apple iPad 11 2025 Wi-Fi 512Gb Blue;;;art_5203
Apple iPad 11 2025 Wi-Fi 256Gb Yellow;Apple;Apple iPad 11 2025 Wi-Fi 256Gb Yellow;;;art_5202
Apple iPad 11 2025 Wi-Fi 256Gb Silver;Apple;Apple iPad 11 2025 Wi-Fi 256Gb Silver;;;art_5201
Apple iPad 11 2025 Wi-Fi 256Gb Pink;Apple;Apple iPad 11 2025 Wi-Fi 256Gb Pink;;;art_5200
Apple iPad 11 2025 Wi-Fi 256Gb Blue;Apple;Apple iPad 11 2025 Wi-Fi 256Gb Blue;;;art_5199
Apple iPad 11 2025 Wi-Fi 128Gb Yellow;Apple;Apple iPad 11 2025 Wi-Fi 128Gb Yellow;;;art_5198
Apple iPad 11 2025 Wi-Fi 128Gb Silver;Apple;Apple iPad 11 2025 Wi-Fi 128Gb Silver;;;art_5197
Apple iPad 11 2025 Wi-Fi 128Gb Pink;Apple;Apple iPad 11 2025 Wi-Fi 128Gb Pink;;;art_5196
Apple iPad 11 2025 Wi-Fi 128Gb Blue;Apple;Apple iPad 11 2025 Wi-Fi 128Gb Blue;;;art_5195
Apple iPad Air 11 M3 2025 5G 512Gb Starlight;Apple;Apple iPad Air 11 M3 2025 5G 512Gb Starlight;;;art_5194
Apple iPad Air 11 M3 2025 5G 512Gb Space Gray;Apple;Apple iPad Air 11 M3 2025 5G 512Gb Space Gray;;;art_5193
Apple iPad Air 11 M3 2025 5G 512Gb Purple;Apple;Apple iPad Air 11 M3 2025 5G 512Gb Purple;;;art_5192
Apple iPad Air 11 M3 2025 5G 512Gb Blue;Apple;Apple iPad Air 11 M3 2025 5G 512Gb Blue;;;art_5191
Apple iPad Air 11 M3 2025 5G 256Gb Starlight;Apple;Apple iPad Air 11 M3 2025 5G 256Gb Starlight;;;art_5190
Apple iPad Air 11 M3 2025 5G 256Gb Space Gray;Apple;Apple iPad Air 11 M3 2025 5G 256Gb Space Gray;;;art_5189
Apple iPad Air 11 M3 2025 5G 256Gb Purple;Apple;Apple iPad Air 11 M3 2025 5G 256Gb Purple;;;art_5188
Apple iPad Air 11 M3 2025 5G 256Gb Blue;Apple;Apple iPad Air 11 M3 2025 5G 256Gb Blue;;;art_5187
Apple iPad Air 11 M3 2025 5G 1Tb Starlight;Apple;Apple iPad Air 11 M3 2025 5G 1Tb Starlight;;;art_5186
Apple iPad Air 11 M3 2025 5G 1Tb Space Gray;Apple;Apple iPad Air 11 M3 2025 5G 1Tb Space Gray;;;art_5185
Apple iPad Air 11 M3 2025 5G 1Tb Purple;Apple;Apple iPad Air 11 M3 2025 5G 1Tb Purple;;;art_5184
Apple iPad Air 11 M3 2025 5G 1Tb Blue;Apple;Apple iPad Air 11 M3 2025 5G 1Tb Blue;;;art_5183
Apple iPad Air 11 M3 2025 5G 128Gb Starlight;Apple;Apple iPad Air 11 M3 2025 5G 128Gb Starlight;;;art_5182
Apple iPad Air 11 M3 2025 5G 128Gb Space Gray;Apple;Apple iPad Air 11 M3 2025 5G 128Gb Space Gray;;;art_5181
Apple iPad Air 11 M3 2025 5G 128Gb Purple;Apple;Apple iPad Air 11 M3 2025 5G 128Gb Purple;;;art_5180
Apple iPad Air 11 M3 2025 5G 128Gb Blue;Apple;Apple iPad Air 11 M3 2025 5G 128Gb Blue;;;art_5179
Планшет Apple iPad Air 13 M2 2024 Wi-Fi 512Gb Starlight;Apple;Планшет Apple iPad Air 13 M2 2024 Wi-Fi 512Gb Starlight;;;art_5178
Планшет Apple iPad Air 13 M2 2024 Wi-Fi 512Gb Space Gray;Apple;Планшет Apple iPad Air 13 M2 2024 Wi-Fi 512Gb Space Gray;;;art_5177
Планшет Apple iPad Air 13 M2 2024 Wi-Fi 512Gb Purple;Apple;Планшет Apple iPad Air 13 M2 2024 Wi-Fi 512Gb Purple;;;art_5176
Планшет Apple iPad Air 13 M2 2024 Wi-Fi 512Gb Blue;Apple;Планшет Apple iPad Air 13 M2 2024 Wi-Fi 512Gb Blue;;;art_5175
Планшет Apple iPad Air 13 M2 2024 Wi-Fi 256Gb Space Gray;Apple;Планшет Apple iPad Air 13 M2 2024 Wi-Fi 256Gb Space Gray;;;art_5174
Планшет Apple iPad Air 13 M2 2024 Wi-Fi 256Gb Purple;Apple;Планшет Apple iPad Air 13 M2 2024 Wi-Fi 256Gb Purple;;;art_5173
Планшет Apple iPad Air 13 M2 2024 Wi-Fi 256Gb Blue;Apple;Планшет Apple iPad Air 13 M2 2024 Wi-Fi 256Gb Blue;;;art_5172
Планшет Apple iPad Air 13 M2 2024 Wi-Fi 256Gb Starlight;Apple;Планшет Apple iPad Air 13 M2 2024 Wi-Fi 256Gb Starlight;;;art_5171
Планшет Apple iPad Air 13 M2 2024 Wi-Fi 1Tb Starlight;Apple;Планшет Apple iPad Air 13 M2 2024 Wi-Fi 1Tb Starlight;;;art_5170
Планшет Apple iPad Air 13 M2 2024 Wi-Fi 1Tb Space Gray;Apple;Планшет Apple iPad Air 13 M2 2024 Wi-Fi 1Tb Space Gray;;;art_5169
Планшет Apple iPad Air 13 M2 2024 Wi-Fi 1Tb Purple;Apple;Планшет Apple iPad Air 13 M2 2024 Wi-Fi 1Tb Purple;;;art_5168
Планшет Apple iPad Air 13 M2 2024 Wi-Fi 1Tb Blue;Apple;Планшет Apple iPad Air 13 M2 2024 Wi-Fi 1Tb Blue;;;art_5167
Планшет Apple iPad Air 13 M2 2024 Wi-Fi 128Gb Starlight;Apple;Планшет Apple iPad Air 13 M2 2024 Wi-Fi 128Gb Starlight;;;art_5166
Планшет Apple iPad Air 13 M2 2024 Wi-Fi 128Gb Space Gray;Apple;Планшет Apple iPad Air 13 M2 2024 Wi-Fi 128Gb Space Gray;;;art_5165
Планшет Apple iPad Air 13 M2 2024 Wi-Fi 128Gb Purple;Apple;Планшет Apple iPad Air 13 M2 2024 Wi-Fi 128Gb Purple;;;art_5164
Планшет Apple iPad Air 13 M2 2024 Wi-Fi 128Gb Blue;Apple;Планшет Apple iPad Air 13 M2 2024 Wi-Fi 128Gb Blue;;;art_5163
Apple iPad Air 11 M3 2025 Wi-Fi 512Gb Starlight;Apple;Apple iPad Air 11 M3 2025 Wi-Fi 512Gb Starlight;;;art_5162
Apple iPad Air 11 M3 2025 Wi-Fi 512Gb Space Gray;Apple;Apple iPad Air 11 M3 2025 Wi-Fi 512Gb Space Gray;;;art_5161
Apple iPad Air 11 M3 2025 Wi-Fi 512Gb Purple;Apple;Apple iPad Air 11 M3 2025 Wi-Fi 512Gb Purple;;;art_5160
Apple iPad Air 11 M3 2025 Wi-Fi 512Gb Blue;Apple;Apple iPad Air 11 M3 2025 Wi-Fi 512Gb Blue;;;art_5159
Apple iPad Air 11 M3 2025 Wi-Fi 256Gb Starlight;Apple;Apple iPad Air 11 M3 2025 Wi-Fi 256Gb Starlight;;;art_5158
Apple iPad Air 11 M3 2025 Wi-Fi 256Gb Space Gray;Apple;Apple iPad Air 11 M3 2025 Wi-Fi 256Gb Space Gray;;;art_5157
Apple iPad Air 11 M3 2025 Wi-Fi 256Gb Purple;Apple;Apple iPad Air 11 M3 2025 Wi-Fi 256Gb Purple;;;art_5156
Apple iPad Air 11 M3 2025 Wi-Fi 256Gb Blue;Apple;Apple iPad Air 11 M3 2025 Wi-Fi 256Gb Blue;;;art_5155
Apple iPad Air 11 M3 2025 Wi-Fi 1Tb Starlight;Apple;Apple iPad Air 11 M3 2025 Wi-Fi 1Tb Starlight;;;art_5154
Apple iPad Air 11 M3 2025 Wi-Fi 1Tb Space Gray;Apple;Apple iPad Air 11 M3 2025 Wi-Fi 1Tb Space Gray;;;art_5153
Apple iPad Air 11 M3 2025 Wi-Fi 1Tb Purple;Apple;Apple iPad Air 11 M3 2025 Wi-Fi 1Tb Purple;;;art_5152
Apple iPad Air 11 M3 2025 Wi-Fi 1Tb Blue;Apple;Apple iPad Air 11 M3 2025 Wi-Fi 1Tb Blue;;;art_5151
Apple iPad Air 11 M3 2025 Wi-Fi 128Gb Starlight;Apple;Apple iPad Air 11 M3 2025 Wi-Fi 128Gb Starlight;;;art_5150
Apple iPad Air 11 M3 2025 Wi-Fi 128Gb Space Gray;Apple;Apple iPad Air 11 M3 2025 Wi-Fi 128Gb Space Gray;;;art_5149
Apple iPad Air 11 M3 2025 Wi-Fi 128Gb Purple;Apple;Apple iPad Air 11 M3 2025 Wi-Fi 128Gb Purple;;;art_5148
Apple iPad Air 11 M3 2025 Wi-Fi 128Gb Blue;Apple;Apple iPad Air 11 M3 2025 Wi-Fi 128Gb Blue;;;art_5147
Планшет Apple iPad Air 13 M2 2024 5G 512Gb Starlight;Apple;Планшет Apple iPad Air 13 M2 2024 5G 512Gb Starlight;;;art_5146
Планшет Apple iPad Air 13 M2 2024 5G 512Gb Space Gray;Apple;Планшет Apple iPad Air 13 M2 2024 5G 512Gb Space Gray;;;art_5145
Планшет Apple iPad Air 13 M2 2024 5G 512Gb Purple;Apple;Планшет Apple iPad Air 13 M2 2024 5G 512Gb Purple;;;art_5144
Планшет Apple iPad Air 13 M2 2024 5G 512Gb Blue;Apple;Планшет Apple iPad Air 13 M2 2024 5G 512Gb Blue;;;art_5143
Планшет Apple iPad Air 13 M2 2024 5G 256Gb Starlight;Apple;Планшет Apple iPad Air 13 M2 2024 5G 256Gb Starlight;;;art_5142
Планшет Apple iPad Air 13 M2 2024 5G 256Gb Space Gray;Apple;Планшет Apple iPad Air 13 M2 2024 5G 256Gb Space Gray;;;art_5141
Планшет Apple iPad Air 13 M2 2024 5G 256Gb Purple;Apple;Планшет Apple iPad Air 13 M2 2024 5G 256Gb Purple;;;art_5140
Планшет Apple iPad Air 13 M2 2024 5G 256Gb Blue;Apple;Планшет Apple iPad Air 13 M2 2024 5G 256Gb Blue;;;art_5139
Планшет Apple iPad Air 13 M2 2024 5G 1Tb Starlight;Apple;Планшет Apple iPad Air 13 M2 2024 5G 1Tb Starlight;;;art_5138
Планшет Apple iPad Air 13 M2 2024 5G 1Tb Space Gray;Apple;Планшет Apple iPad Air 13 M2 2024 5G 1Tb Space Gray;;;art_5137
Планшет Apple iPad Air 13 M2 2024 5G 1Tb Purple;Apple;Планшет Apple iPad Air 13 M2 2024 5G 1Tb Purple;;;art_5136
Планшет Apple iPad Air 13 M2 2024 5G 1Tb Blue;Apple;Планшет Apple iPad Air 13 M2 2024 5G 1Tb Blue;;;art_5135
Планшет Apple iPad Air 13 M2 2024 5G 128Gb Starlight;Apple;Планшет Apple iPad Air 13 M2 2024 5G 128Gb Starlight;;;art_5134
Планшет Apple iPad Air 13 M2 2024 5G 128Gb Space Gray;Apple;Планшет Apple iPad Air 13 M2 2024 5G 128Gb Space Gray;;;art_5133
Планшет Apple iPad Air 13 M2 2024 5G 128Gb Purple;Apple;Планшет Apple iPad Air 13 M2 2024 5G 128Gb Purple;;;art_5132
Планшет Apple iPad Air 13 M2 2024 5G 128Gb Blue;Apple;Планшет Apple iPad Air 13 M2 2024 5G 128Gb Blue;;;art_5131
Apple iPad Air 13 M3 2025 5G 512Gb Starlight;Apple;Apple iPad Air 13 M3 2025 5G 512Gb Starlight;;;art_5130
Apple iPad Air 13 M3 2025 5G 512Gb Space Gray;Apple;Apple iPad Air 13 M3 2025 5G 512Gb Space Gray;;;art_5129
Apple iPad Air 13 M3 2025 5G 512Gb Purple;Apple;Apple iPad Air 13 M3 2025 5G 512Gb Purple;;;art_5128
Apple iPad Air 13 M3 2025 5G 512Gb Blue;Apple;Apple iPad Air 13 M3 2025 5G 512Gb Blue;;;art_5127
Apple iPad Air 13 M3 2025 5G 256Gb Starlight;Apple;Apple iPad Air 13 M3 2025 5G 256Gb Starlight;;;art_5126
Apple iPad Air 13 M3 2025 5G 256Gb Space Gray;Apple;Apple iPad Air 13 M3 2025 5G 256Gb Space Gray;;;art_5125
Apple iPad Air 13 M3 2025 5G 256Gb Purple;Apple;Apple iPad Air 13 M3 2025 5G 256Gb Purple;;;art_5124
Apple iPad Air 13 M3 2025 5G 256Gb Blue;Apple;Apple iPad Air 13 M3 2025 5G 256Gb Blue;;;art_5123
Apple iPad Air 13 M3 2025 5G 1Tb Starlight;Apple;Apple iPad Air 13 M3 2025 5G 1Tb Starlight;;;art_5122
Apple iPad Air 13 M3 2025 5G 1Tb Space Gray;Apple;Apple iPad Air 13 M3 2025 5G 1Tb Space Gray;;;art_5121
Apple iPad Air 13 M3 2025 5G 1Tb Purple;Apple;Apple iPad Air 13 M3 2025 5G 1Tb Purple;;;art_5120
Apple iPad Air 13 M3 2025 5G 1Tb Blue;Apple;Apple iPad Air 13 M3 2025 5G 1Tb Blue;;;art_5119
Apple iPad Air 13 M3 2025 5G 128Gb Starlight;Apple;Apple iPad Air 13 M3 2025 5G 128Gb Starlight;;;art_5118
Apple iPad Air 13 M3 2025 5G 128Gb Space Gray;Apple;Apple iPad Air 13 M3 2025 5G 128Gb Space Gray;;;art_5117
Apple iPad Air 13 M3 2025 5G 128Gb Purple;Apple;Apple iPad Air 13 M3 2025 5G 128Gb Purple;;;art_5116
Apple iPad Air 13 M3 2025 5G 128Gb Blue;Apple;Apple iPad Air 13 M3 2025 5G 128Gb Blue;;;art_5115
Apple iPad Air 13 M3 2025 Wi-Fi 512Gb Starlight;Apple;Apple iPad Air 13 M3 2025 Wi-Fi 512Gb Starlight;;;art_5114
Apple iPad Air 13 M3 2025 Wi-Fi 512Gb Space Gray;Apple;Apple iPad Air 13 M3 2025 Wi-Fi 512Gb Space Gray;;;art_5113
Apple iPad Air 13 M3 2025 Wi-Fi 512Gb Purple;Apple;Apple iPad Air 13 M3 2025 Wi-Fi 512Gb Purple;;;art_5112
Apple iPad Air 13 M3 2025 Wi-Fi 512Gb Blue;Apple;Apple iPad Air 13 M3 2025 Wi-Fi 512Gb Blue;;;art_5111
Apple iPad Air 13 M3 2025 Wi-Fi 256Gb Starlight;Apple;Apple iPad Air 13 M3 2025 Wi-Fi 256Gb Starlight;;;art_5110
Apple iPad Air 13 M3 2025 Wi-Fi 256Gb Space Gray;Apple;Apple iPad Air 13 M3 2025 Wi-Fi 256Gb Space Gray;;;art_5109
Apple iPad Air 13 M3 2025 Wi-Fi 256Gb Purple;Apple;Apple iPad Air 13 M3 2025 Wi-Fi 256Gb Purple;;;art_5108
Apple iPad Air 13 M3 2025 Wi-Fi 256Gb Blue;Apple;Apple iPad Air 13 M3 2025 Wi-Fi 256Gb Blue;;;art_5107
Apple iPad Air 13 M3 2025 Wi-Fi 1Tb Starlight;Apple;Apple iPad Air 13 M3 2025 Wi-Fi 1Tb Starlight;;;art_5106
Apple iPad Air 13 M3 2025 Wi-Fi 1Tb Space Gray;Apple;Apple iPad Air 13 M3 2025 Wi-Fi 1Tb Space Gray;;;art_5105
Apple iPad Air 13 M3 2025 Wi-Fi 1Tb Purple;Apple;Apple iPad Air 13 M3 2025 Wi-Fi 1Tb Purple;;;art_5104
Apple iPad Air 13 M3 2025 Wi-Fi 1Tb Blue;Apple;Apple iPad Air 13 M3 2025 Wi-Fi 1Tb Blue;;;art_5103
Apple iPad Air 13 M3 2025 Wi-Fi 128Gb Starlight;Apple;Apple iPad Air 13 M3 2025 Wi-Fi 128Gb Starlight;;;art_5102
Apple iPad Air 13 M3 2025 Wi-Fi 128Gb Space Gray;Apple;Apple iPad Air 13 M3 2025 Wi-Fi 128Gb Space Gray;;;art_5101
Apple iPad Air 13 M3 2025 Wi-Fi 128Gb Purple;Apple;Apple iPad Air 13 M3 2025 Wi-Fi 128Gb Purple;;;art_5100
Apple iPad Air 13 M3 2025 Wi-Fi 128Gb Blue;Apple;Apple iPad Air 13 M3 2025 Wi-Fi 128Gb Blue;;;art_5099
Apple iPhone 15 Pro Max 512Gb White Titanium;Apple;Apple iPhone 15 Pro Max 512Gb White Titanium;White Titanium;#FFFFFF;art_4171
Apple iPhone 15 Pro Max 512Gb Natural Titanium;Apple;Apple iPhone 15 Pro Max 512Gb Natural Titanium;Natural Titanium;#D2B48C;art_4170
Apple iPhone 15 Pro Max 512Gb Blue Titanium;Apple;Apple iPhone 15 Pro Max 512Gb Blue Titanium;Blue Titanium;#0000FF;art_4169
Apple iPhone 15 Pro Max 512Gb Black Titanium;Apple;Apple iPhone 15 Pro Max 512Gb Black Titanium;Black Titanium;#000000;art_4168
Apple iPhone 15 Pro Max 256Gb White Titanium;Apple;Apple iPhone 15 Pro Max 256Gb White Titanium;White Titanium;#FFFFFF;art_4167
Apple iPhone 15 Pro Max 256Gb Natural Titanium;Apple;Apple iPhone 15 Pro Max 256Gb Natural Titanium;Natural Titanium;#D2B48C;art_4166
Apple iPhone 15 Pro Max 256Gb Blue Titanium;Apple;Apple iPhone 15 Pro Max 256Gb Blue Titanium;Blue Titanium;#0000FF;art_4165
Apple iPhone 15 Pro Max 256Gb Black Titanium;Apple;Apple iPhone 15 Pro Max 256Gb Black Titanium;Black Titanium;#000000;art_4164
Apple iPhone 15 Pro Max 1Tb White Titanium;Apple;Apple iPhone 15 Pro Max 1Tb White Titanium;White Titanium;#FFFFFF;art_4163
Apple iPhone 15 Pro Max 1Tb Natural Titanium;Apple;Apple iPhone 15 Pro Max 1Tb Natural Titanium;Natural Titanium;#D2B48C;art_4162
Apple iPhone 15 Pro Max 1Tb Blue Titanium;Apple;Apple iPhone 15 Pro Max 1Tb Blue Titanium;Blue Titanium;#0000FF;art_4161
Apple iPhone 15 Pro Max 1Tb Black Titanium;Apple;Apple iPhone 15 Pro Max 1Tb Black Titanium;Black Titanium;#000000;art_4160
Apple iPhone 16 Plus 512Gb White;Apple;Apple iPhone 16 Plus 512Gb White;White;#FFFFFF;art_4159
Apple iPhone 16 Plus 512Gb Ultramarine;Apple;Apple iPhone 16 Plus 512Gb Ultramarine;Ultramarine;#3F00FF;art_4158
Apple iPhone 16 Plus 512Gb Teal;Apple;Apple iPhone 16 Plus 512Gb Teal;Teal;#008080;art_4157
Apple iPhone 16 Plus 512Gb Pink;Apple;Apple iPhone 16 Plus 512Gb Pink;Pink;#FFC0CB;art_4156
Apple iPhone 16 Plus 512Gb Black;Apple;Apple iPhone 16 Plus 512Gb Black;Black;#000000;art_4155
Apple iPhone 16 Plus 256Gb White;Apple;Apple iPhone 16 Plus 256Gb White;White;#FFFFFF;art_4154
Apple iPhone 16 Plus 256Gb Ultramarine;Apple;Apple iPhone 16 Plus 256Gb Ultramarine;Ultramarine;#3F00FF;art_4153
Apple iPhone 16 Plus 256Gb Teal;Apple;Apple iPhone 16 Plus 256Gb Teal;Teal;#008080;art_4152
Apple iPhone 16 Plus 256Gb Pink;Apple;Apple iPhone 16 Plus 256Gb Pink;Pink;#FFC0CB;art_4151
Apple iPhone 16 Plus 256Gb Black;Apple;Apple iPhone 16 Plus 256Gb Black;Black;#000000;art_4150
Apple iPhone 16 Plus 128Gb White;Apple;Apple iPhone 16 Plus 128Gb White;White;#FFFFFF;art_4149
Apple iPhone 16 Plus 128Gb Ultramarine;Apple;Apple iPhone 16 Plus 128Gb Ultramarine;Ultramarine;#3F00FF;art_4148
Apple iPhone 16 Plus 128Gb Teal;Apple;Apple iPhone 16 Plus 128Gb Teal;Teal;#008080;art_4147
Apple iPhone 16 Plus 128Gb Pink;Apple;Apple iPhone 16 Plus 128Gb Pink;Pink;#FFC0CB;art_4146
Apple iPhone 16 Plus 128Gb Black;Apple;Apple iPhone 16 Plus 128Gb Black;Black;#000000;art_4145
Apple iPhone 16 512Gb White;Apple;Apple iPhone 16 512Gb White;White;#FFFFFF;art_4144
Apple iPhone 16 512Gb Ultramarine;Apple;Apple iPhone 16 512Gb Ultramarine;Ultramarine;#3F00FF;art_4143
Apple iPhone 16 512Gb Teal;Apple;Apple iPhone 16 512Gb Teal;Teal;#008080;art_4142
Apple iPhone 16 512Gb Pink;Apple;Apple iPhone 16 512Gb Pink;Pink;#FFC0CB;art_4141
Apple iPhone 16 512Gb Black;Apple;Apple iPhone 16 512Gb Black;Black;#000000;art_4140
Apple iPhone 16 256Gb White;Apple;Apple iPhone 16 256Gb White;White;#FFFFFF;art_4139
Apple iPhone 16 256Gb Ultramarine;Apple;Apple iPhone 16 256Gb Ultramarine;Ultramarine;#3F00FF;art_4138
Apple iPhone 16 256Gb Teal;Apple;Apple iPhone 16 256Gb Teal;Teal;#008080;art_4137
Apple iPhone 16 256Gb Pink;Apple;Apple iPhone 16 256Gb Pink;Pink;#FFC0CB;art_4136
Apple iPhone 16 256Gb Black;Apple;Apple iPhone 16 256Gb Black;Black;#000000;art_4135
Apple iPhone 16 128Gb White;Apple;Apple iPhone 16 128Gb White;White;#FFFFFF;art_4134
Apple iPhone 16 128Gb Ultramarine;Apple;Apple iPhone 16 128Gb Ultramarine;Ultramarine;#3F00FF;art_4133
Apple iPhone 16 128Gb Teal;Apple;Apple iPhone 16 128Gb Teal;Teal;#008080;art_4132
Apple iPhone 16 128Gb Pink;Apple;Apple iPhone 16 128Gb Pink;Pink;#FFC0CB;art_4131
Apple iPhone 16 128Gb Black;Apple;Apple iPhone 16 128Gb Black;Black;#000000;art_4130
Смартфон Apple iPhone 16e 512Gb White;Apple;Смартфон Apple iPhone 16e 512Gb White;White;#FFFFFF;art_4129
Смартфон Apple iPhone 16e 512Gb Black;Apple;Смартфон Apple iPhone 16e 512Gb Black;Black;#000000;art_4128
Смартфон Apple iPhone 16e 256Gb White;Apple;Смартфон Apple iPhone 16e 256Gb White;White;#FFFFFF;art_4127
Смартфон Apple iPhone 16e 256Gb Black;Apple;Смартфон Apple iPhone 16e 256Gb Black;Black;#000000;art_4126
Смартфон Apple iPhone 16e 128Gb White;Apple;Смартфон Apple iPhone 16e 128Gb White;White;#FFFFFF;art_4125
Смартфон Apple iPhone 16e 128Gb Black;Apple;Смартфон Apple iPhone 16e 128Gb Black;Black;#000000;art_4124
Apple iPhone 16 Pro 512Gb White Titanium;Apple;Apple iPhone 16 Pro 512Gb White Titanium;White Titanium;#FFFFFF;art_4123
Apple iPhone 16 Pro 512Gb Natural Titanium;Apple;Apple iPhone 16 Pro 512Gb Natural Titanium;Natural Titanium;#D2B48C;art_4122
Apple iPhone 16 Pro 512Gb Desert Titanium;Apple;Apple iPhone 16 Pro 512Gb Desert Titanium;Desert Titanium;#EDC9AF;art_4121
Apple iPhone 16 Pro 512Gb Black Titanium;Apple;Apple iPhone 16 Pro 512Gb Black Titanium;Black Titanium;#000000;art_4120
Apple iPhone 16 Pro 256Gb White Titanium;Apple;Apple iPhone 16 Pro 256Gb White Titanium;White Titanium;#FFFFFF;art_4119
Apple iPhone 16 Pro 256Gb Natural Titanium;Apple;Apple iPhone 16 Pro 256Gb Natural Titanium;Natural Titanium;#D2B48C;art_4118
Apple iPhone 16 Pro 256Gb Desert Titanium;Apple;Apple iPhone 16 Pro 256Gb Desert Titanium;Desert Titanium;#EDC9AF;art_4117
Apple iPhone 16 Pro 256Gb Black Titanium;Apple;Apple iPhone 16 Pro 256Gb Black Titanium;Black Titanium;#000000;art_4116
Apple iPhone 16 Pro 1Tb White Titanium;Apple;Apple iPhone 16 Pro 1Tb White Titanium;White Titanium;#FFFFFF;art_4115
Apple iPhone 16 Pro 1Tb Natural Titanium;Apple;Apple iPhone 16 Pro 1Tb Natural Titanium;Natural Titanium;#D2B48C;art_4114
Apple iPhone 16 Pro 1Tb Desert Titanium;Apple;Apple iPhone 16 Pro 1Tb Desert Titanium;Desert Titanium;#EDC9AF;art_4113
Apple iPhone 16 Pro 1Tb Black Titanium;Apple;Apple iPhone 16 Pro 1Tb Black Titanium;Black Titanium;#000000;art_4112
Apple iPhone 16 Pro 128Gb White Titanium;Apple;Apple iPhone 16 Pro 128Gb White Titanium;White Titanium;#FFFFFF;art_4111
Apple iPhone 16 Pro 128Gb Natural Titanium;Apple;Apple iPhone 16 Pro 128Gb Natural Titanium;Natural Titanium;#D2B48C;art_4110
Apple iPhone 16 Pro 128Gb Desert Titanium;Apple;Apple iPhone 16 Pro 128Gb Desert Titanium;Desert Titanium;#EDC9AF;art_4109
Apple iPhone 16 Pro 128Gb Black Titanium;Apple;Apple iPhone 16 Pro 128Gb Black Titanium;Black Titanium;#000000;art_4108
Apple iPhone 17 Air 512Gb Space Black;Apple;Apple iPhone 17 Air 512Gb Space Black;Space Black;#484848;art_4107
Apple iPhone 17 Air 512Gb Sky Blue;Apple;Apple iPhone 17 Air 512Gb Sky Blue;Sky Blue;#87CEEB;art_4106
Apple iPhone 17 Air 512Gb Light Gold;Apple;Apple iPhone 17 Air 512Gb Light Gold;Light Gold;#FDF5E6;art_4105
Apple iPhone 17 Air 512Gb Cloud White;Apple;Apple iPhone 17 Air 512Gb Cloud White;Cloud White;#F8F8FF;art_4104
Apple iPhone 17 Air 256Gb Space Black;Apple;Apple iPhone 17 Air 256Gb Space Black;Space Black;#484848;art_4103
Apple iPhone 17 Air 256Gb Sky Blue;Apple;Apple iPhone 17 Air 256Gb Sky Blue;Sky Blue;#87CEEB;art_4102
Apple iPhone 17 Air 256Gb Light Gold;Apple;Apple iPhone 17 Air 256Gb Light Gold;Light Gold;#FDF5E6;art_4101
Apple iPhone 17 Air 256Gb Cloud White;Apple;Apple iPhone 17 Air 256Gb Cloud White;Cloud White;#F8F8FF;art_4100
Apple iPhone 17 Air 1Tb Space Black;Apple;Apple iPhone 17 Air 1Tb Space Black;Space Black;#484848;art_4099
Apple iPhone 17 Air 1Tb Sky Blue;Apple;Apple iPhone 17 Air 1Tb Sky Blue;Sky Blue;#87CEEB;art_4098
Apple iPhone 17 Air 1Tb Light Gold;Apple;Apple iPhone 17 Air 1Tb Light Gold;Light Gold;#FDF5E6;art_4097
Apple iPhone 17 Air 1Tb Cloud White;Apple;Apple iPhone 17 Air 1Tb Cloud White;Cloud White;#F8F8FF;art_4096
Apple iPhone 16 Pro Max 512Gb White Titanium;Apple;Apple iPhone 16 Pro Max 512Gb White Titanium;White Titanium;#FFFFFF;art_4095
Apple iPhone 16 Pro Max 512Gb Natural Titanium;Apple;Apple iPhone 16 Pro Max 512Gb Natural Titanium;Natural Titanium;#D2B48C;art_4094
Apple iPhone 16 Pro Max 512Gb Desert Titanium;Apple;Apple iPhone 16 Pro Max 512Gb Desert Titanium;Desert Titanium;#EDC9AF;art_4093
Apple iPhone 16 Pro Max 512Gb Black Titanium;Apple;Apple iPhone 16 Pro Max 512Gb Black Titanium;Black Titanium;#000000;art_4092
Apple iPhone 16 Pro Max 256Gb White Titanium;Apple;Apple iPhone 16 Pro Max 256Gb White Titanium;White Titanium;#FFFFFF;art_4091
Apple iPhone 16 Pro Max 256Gb Natural Titanium;Apple;Apple iPhone 16 Pro Max 256Gb Natural Titanium;Natural Titanium;#D2B48C;art_4090
Apple iPhone 16 Pro Max 256Gb Desert Titanium;Apple;Apple iPhone 16 Pro Max 256Gb Desert Titanium;Desert Titanium;#EDC9AF;art_4089
Apple iPhone 16 Pro Max 256Gb Black Titanium;Apple;Apple iPhone 16 Pro Max 256Gb Black Titanium;Black Titanium;#000000;art_4088
Apple iPhone 16 Pro Max 1Tb White Titanium;Apple;Apple iPhone 16 Pro Max 1Tb White Titanium;White Titanium;#FFFFFF;art_4087
Apple iPhone 16 Pro Max 1Tb Natural Titanium;Apple;Apple iPhone 16 Pro Max 1Tb Natural Titanium;Natural Titanium;#D2B48C;art_4086
Apple iPhone 16 Pro Max 1Tb Desert Titanium;Apple;Apple iPhone 16 Pro Max 1Tb Desert Titanium;Desert Titanium;#EDC9AF;art_4085
Apple iPhone 16 Pro Max 1Tb Black Titanium;Apple;Apple iPhone 16 Pro Max 1Tb Black Titanium;Black Titanium;#000000;art_4084
Apple iPhone 17 Pro Max 512Gb Silver;Apple;Apple iPhone 17 Pro Max 512Gb Silver;Silver;#C0C0C0;art_4083
Apple iPhone 17 Pro Max 512Gb Deep Blue;Apple;Apple iPhone 17 Pro Max 512Gb Deep Blue;Deep Blue;#001F3F;art_4082
Apple iPhone 17 Pro Max 512Gb Cosmic Orange;Apple;Apple iPhone 17 Pro Max 512Gb Cosmic Orange;Cosmic Orange;#7B68EE;art_4081
Apple iPhone 17 Pro Max 2Tb Silver;Apple;Apple iPhone 17 Pro Max 2Tb Silver;Silver;#C0C0C0;art_4080
Apple iPhone 17 Pro Max 2Tb Deep Blue;Apple;Apple iPhone 17 Pro Max 2Tb Deep Blue;Deep Blue;#001F3F;art_4079
Apple iPhone 17 Pro Max 2Tb Cosmic Orange;Apple;Apple iPhone 17 Pro Max 2Tb Cosmic Orange;Cosmic Orange;#7B68EE;art_4078
Apple iPhone 17 Pro Max 256Gb Silver;Apple;Apple iPhone 17 Pro Max 256Gb Silver;Silver;#C0C0C0;art_4077
Apple iPhone 17 Pro Max 256Gb Deep Blue;Apple;Apple iPhone 17 Pro Max 256Gb Deep Blue;Deep Blue;#001F3F;art_4076
Apple iPhone 17 Pro Max 256Gb Cosmic Orange;Apple;Apple iPhone 17 Pro Max 256Gb Cosmic Orange;Cosmic Orange;#7B68EE;art_4075
Apple iPhone 17 Pro Max 1Tb Silver;Apple;Apple iPhone 17 Pro Max 1Tb Silver;Silver;#C0C0C0;art_4074
Apple iPhone 17 Pro Max 1Tb Deep Blue;Apple;Apple iPhone 17 Pro Max 1Tb Deep Blue;Deep Blue;#001F3F;art_4073
Apple iPhone 17 Pro Max 1Tb Cosmic Orange;Apple;Apple iPhone 17 Pro Max 1Tb Cosmic Orange;Cosmic Orange;#7B68EE;art_4072
Apple iPhone 17 512Gb White;Apple;Apple iPhone 17 512Gb White;White;#FFFFFF;art_4071
Apple iPhone 17 512Gb Sage;Apple;Apple iPhone 17 512Gb Sage;Sage;#B2AC88;art_4070
Apple iPhone 17 512Gb Mist Blue;Apple;Apple iPhone 17 512Gb Mist Blue;Mist Blue;#F5FFFA;art_4069
Apple iPhone 17 512Gb Lavender;Apple;Apple iPhone 17 512Gb Lavender;Lavender;#E6E6FA;art_4068
Apple iPhone 17 512Gb Black;Apple;Apple iPhone 17 512Gb Black;Black;#000000;art_4067
Apple iPhone 17 256Gb White;Apple;Apple iPhone 17 256Gb White;White;#FFFFFF;art_4066
Apple iPhone 17 256Gb Sage;Apple;Apple iPhone 17 256Gb Sage;Sage;#B2AC88;art_4065
Apple iPhone 17 256Gb Mist Blue;Apple;Apple iPhone 17 256Gb Mist Blue;Mist Blue;#F5FFFA;art_4064
Apple iPhone 17 256Gb Lavender;Apple;Apple iPhone 17 256Gb Lavender;Lavender;#E6E6FA;art_4063
Apple iPhone 17 256Gb Black;Apple;Apple iPhone 17 256Gb Black;Black;#000000;art_4062
Apple iPhone 17 Pro 512Gb Silver;Apple;Apple iPhone 17 Pro 512Gb Silver;Silver;#C0C0C0;art_4061
Apple iPhone 17 Pro 512Gb Deep Blue;Apple;Apple iPhone 17 Pro 512Gb Deep Blue;Deep Blue;#001F3F;art_4060
Apple iPhone 17 Pro 512Gb Cosmic Orange;Apple;Apple iPhone 17 Pro 512Gb Cosmic Orange;Cosmic Orange;#7B68EE;art_4059
Apple iPhone 17 Pro 256Gb Silver;Apple;Apple iPhone 17 Pro 256Gb Silver;Silver;#C0C0C0;art_4058
Apple iPhone 17 Pro 256Gb Deep Blue;Apple;Apple iPhone 17 Pro 256Gb Deep Blue;Deep Blue;#001F3F;art_4057
Apple iPhone 17 Pro 256Gb Cosmic Orange;Apple;Apple iPhone 17 Pro 256Gb Cosmic Orange;Cosmic Orange;#7B68EE;art_4056
Apple iPhone 17 Pro 1Tb Silver;Apple;Apple iPhone 17 Pro 1Tb Silver;Silver;#C0C0C0;art_4055
Apple iPhone 17 Pro 1Tb Deep Blue;Apple;Apple iPhone 17 Pro 1Tb Deep Blue;Deep Blue;#001F3F;art_4054
Apple iPhone 17 Pro 1Tb Cosmic Orange;Apple;Apple iPhone 17 Pro 1Tb Cosmic Orange;Cosmic Orange;#7B68EE;art_4053
Смартфон Nubia RedMagic 10 Pro 24Gb/1Tb Shadow;ZTE;Смартфон Nubia RedMagic 10 Pro 24Gb/1Tb Shadow;Shadow;#585858;art_5098
Смартфон Nubia RedMagic 10 Pro 24Gb/1Tb Moonlight;ZTE;Смартфон Nubia RedMagic 10 Pro 24Gb/1Tb Moonlight;Moonlight;#CED9E0;art_5097
Смартфон Nubia RedMagic 10 Pro 24Gb/1Tb Lightspeed;ZTE;Смартфон Nubia RedMagic 10 Pro 24Gb/1Tb Lightspeed;Lightspeed;#E0FFFF;art_5096
Смартфон Nubia RedMagic 10 Pro 24Gb/1Tb Dusk;ZTE;Смартфон Nubia RedMagic 10 Pro 24Gb/1Tb Dusk;Dusk;#4B0082;art_5095
Смартфон Nubia RedMagic 10 Pro 16Gb/512Gb Shadow;ZTE;Смартфон Nubia RedMagic 10 Pro 16Gb/512Gb Shadow;Shadow;#585858;art_5094
Смартфон Nubia RedMagic 10 Pro 16Gb/512Gb Moonlight;ZTE;Смартфон Nubia RedMagic 10 Pro 16Gb/512Gb Moonlight;Moonlight;#CED9E0;art_5093
Смартфон Nubia RedMagic 10 Pro 16Gb/512Gb Lightspeed;ZTE;Смартфон Nubia RedMagic 10 Pro 16Gb/512Gb Lightspeed;Lightspeed;#E0FFFF;art_5092
Смартфон Nubia RedMagic 10 Pro 16Gb/512Gb Dusk;ZTE;Смартфон Nubia RedMagic 10 Pro 16Gb/512Gb Dusk;Dusk;#4B0082;art_5091
Смартфон Nubia RedMagic 10 Pro 12Gb/256Gb Shadow;ZTE;Смартфон Nubia RedMagic 10 Pro 12Gb/256Gb Shadow;Shadow;#585858;art_5090
Смартфон Nubia RedMagic 10 Pro 12Gb/256Gb Moonlight;ZTE;Смартфон Nubia RedMagic 10 Pro 12Gb/256Gb Moonlight;Moonlight;#CED9E0;art_5089
Смартфон Nubia RedMagic 10 Pro 12Gb/256Gb Lightspeed;ZTE;Смартфон Nubia RedMagic 10 Pro 12Gb/256Gb Lightspeed;Lightspeed;#E0FFFF;art_5088
Смартфон Nubia RedMagic 10 Pro 12Gb/256Gb Dusk;ZTE;Смартфон Nubia RedMagic 10 Pro 12Gb/256Gb Dusk;Dusk;#4B0082;art_5087
Nubia Red Magic 10 Air 16Gb/512Gb White Hailstone;ZTE;Nubia Red Magic 10 Air 16Gb/512Gb White Hailstone;White Hailstone;#FFFFFF;art_5086
Nubia Red Magic 10 Air 16Gb/512Gb Orange Flare;ZTE;Nubia Red Magic 10 Air 16Gb/512Gb Orange Flare;Orange Flare;#FFA500;art_5085
Nubia Red Magic 10 Air 16Gb/512Gb Black Twilight;ZTE;Nubia Red Magic 10 Air 16Gb/512Gb Black Twilight;Black Twilight;#000000;art_5084
Nubia Red Magic 10 Air 12Gb/256Gb White Hailstone;ZTE;Nubia Red Magic 10 Air 12Gb/256Gb White Hailstone;White Hailstone;#FFFFFF;art_5083
Nubia Red Magic 10 Air 12Gb/256Gb Orange Flare;ZTE;Nubia Red Magic 10 Air 12Gb/256Gb Orange Flare;Orange Flare;#FFA500;art_5082
Nubia Red Magic 10 Air 12Gb/256Gb Black Twilight;ZTE;Nubia Red Magic 10 Air 12Gb/256Gb Black Twilight;Black Twilight;#000000;art_5081
Смартфон Nubia Flip 8Gb/256Gb Sunshine Gold;ZTE;Смартфон Nubia Flip 8Gb/256Gb Sunshine Gold;Sunshine Gold;#FFFACD;art_5080
Смартфон Nubia Flip 8Gb/256Gb Flowering Lilac;ZTE;Смартфон Nubia Flip 8Gb/256Gb Flowering Lilac;Flowering Lilac;#D8BFD8;art_5079
Смартфон Nubia Flip 8Gb/256Gb Cosmic Black;ZTE;Смартфон Nubia Flip 8Gb/256Gb Cosmic Black;Cosmic Black;#7B68EE;art_5078
Смартфон Nubia Z70 Ultra 24Gb/1Tb Yellow;ZTE;Смартфон Nubia Z70 Ultra 24Gb/1Tb Yellow;Yellow;#FFFF00;art_5077
Смартфон Nubia Z70 Ultra 24Gb/1Tb Starry Night;ZTE;Смартфон Nubia Z70 Ultra 24Gb/1Tb Starry Night;Starry Night;#191970;art_5076
Смартфон Nubia Z70 Ultra 24Gb/1Tb Black;ZTE;Смартфон Nubia Z70 Ultra 24Gb/1Tb Black;Black;#000000;art_5075
Смартфон Nubia Z70 Ultra 16Gb/512Gb Yellow;ZTE;Смартфон Nubia Z70 Ultra 16Gb/512Gb Yellow;Yellow;#FFFF00;art_5074
Смартфон Nubia Z70 Ultra 16Gb/512Gb Starry Night;ZTE;Смартфон Nubia Z70 Ultra 16Gb/512Gb Starry Night;Starry Night;#191970;art_5073
Смартфон Nubia Z70 Ultra 16Gb/512Gb Black;ZTE;Смартфон Nubia Z70 Ultra 16Gb/512Gb Black;Black;#000000;art_5072
Смартфон Nubia Z70 Ultra 12Gb/256Gb Yellow;ZTE;Смартфон Nubia Z70 Ultra 12Gb/256Gb Yellow;Yellow;#FFFF00;art_5071
Смартфон Nubia Z70 Ultra 12Gb/256Gb Starry Night;ZTE;Смартфон Nubia Z70 Ultra 12Gb/256Gb Starry Night;Starry Night;#191970;art_5070
Смартфон Nubia Z70 Ultra 12Gb/256Gb Black;ZTE;Смартфон Nubia Z70 Ultra 12Gb/256Gb Black;Black;#000000;art_5069
Nubia Z70S Ultra 16Gb/512Gb Classic Black;ZTE;Nubia Z70S Ultra 16Gb/512Gb Classic Black;Classic Black;#000000;art_5068
Nubia Z70S Ultra 16Gb/512Gb Antique Brown;ZTE;Nubia Z70S Ultra 16Gb/512Gb Antique Brown;Antique Brown;#8B4513;art_5067
Nubia Z70S Ultra 12Gb/256Gb Classic Black;ZTE;Nubia Z70S Ultra 12Gb/256Gb Classic Black;Classic Black;#000000;art_5066
Nubia Z70S Ultra 12Gb/256Gb Antique Brown;ZTE;Nubia Z70S Ultra 12Gb/256Gb Antique Brown;Antique Brown;#8B4513;art_5065
Смартфон Sony Xperia 1 VI 12Gb/512Gb Scar Red;Sony;Смартфон Sony Xperia 1 VI 12Gb/512Gb Scar Red;Scar Red;#800000;art_5064
Смартфон Sony Xperia 1 VI 12Gb/512Gb Platinum Silver;Sony;Смартфон Sony Xperia 1 VI 12Gb/512Gb Platinum Silver;Platinum Silver;#E5E4E2;art_5063
Смартфон Sony Xperia 1 VI 12Gb/512Gb Khaki Green;Sony;Смартфон Sony Xperia 1 VI 12Gb/512Gb Khaki Green;Khaki Green;#F0E68C;art_5062
Смартфон Sony Xperia 1 VI 12Gb/512Gb Black;Sony;Смартфон Sony Xperia 1 VI 12Gb/512Gb Black;Black;#000000;art_5061
Смартфон Sony Xperia 1 VI 12Gb/256Gb Scar Red;Sony;Смартфон Sony Xperia 1 VI 12Gb/256Gb Scar Red;Scar Red;#800000;art_5060
Смартфон Sony Xperia 1 VI 12Gb/256Gb Platinum Silver;Sony;Смартфон Sony Xperia 1 VI 12Gb/256Gb Platinum Silver;Platinum Silver;#E5E4E2;art_5059
Смартфон Sony Xperia 1 VI 12Gb/256Gb Khaki Green;Sony;Смартфон Sony Xperia 1 VI 12Gb/256Gb Khaki Green;Khaki Green;#F0E68C;art_5058
Смартфон Sony Xperia 1 VI 12Gb/256Gb Black;Sony;Смартфон Sony Xperia 1 VI 12Gb/256Gb Black;Black;#000000;art_5057
Sony Xperia 1 VII 12Gb/512Gb Slate Black;Sony;Sony Xperia 1 VII 12Gb/512Gb Slate Black;Slate Black;#708090;art_5056
Sony Xperia 1 VII 12Gb/512Gb Orchid Purple;Sony;Sony Xperia 1 VII 12Gb/512Gb Orchid Purple;Orchid Purple;#DA70D6;art_5055
Sony Xperia 1 VII 12Gb/512Gb Moss Green;Sony;Sony Xperia 1 VII 12Gb/512Gb Moss Green;Moss Green;#8A9A5B;art_5054
Sony Xperia 1 VII 12Gb/256Gb Slate Black;Sony;Sony Xperia 1 VII 12Gb/256Gb Slate Black;Slate Black;#708090;art_5053
Sony Xperia 1 VII 12Gb/256Gb Orchid Purple;Sony;Sony Xperia 1 VII 12Gb/256Gb Orchid Purple;Orchid Purple;#DA70D6;art_5052
Sony Xperia 1 VII 12Gb/256Gb Moss Green;Sony;Sony Xperia 1 VII 12Gb/256Gb Moss Green;Moss Green;#8A9A5B;art_5051
Смартфон Sony Xperia 10 VI 8Gb/128Gb White;Sony;Смартфон Sony Xperia 10 VI 8Gb/128Gb White;White;#FFFFFF;art_5050
Смартфон Sony Xperia 10 VI 8Gb/128Gb Blue;Sony;Смартфон Sony Xperia 10 VI 8Gb/128Gb Blue;Blue;#0000FF;art_5049
Смартфон Sony Xperia 10 VI 8Gb/128Gb Black;Sony;Смартфон Sony Xperia 10 VI 8Gb/128Gb Black;Black;#000000;art_5048
Sony Xperia 10 VII 8GB/128GB White;Sony;Sony Xperia 10 VII 8GB/128GB White;White;#FFFFFF;art_5047
Sony Xperia 10 VII 8GB/128GB Turquoise;Sony;Sony Xperia 10 VII 8GB/128GB Turquoise;Turquoise;#40E0D0;art_5046
Sony Xperia 10 VII 8GB/128GB Charcoal;Sony;Sony Xperia 10 VII 8GB/128GB Charcoal;Charcoal;#36454F;art_5045
Realme GT7 T 12Gb/512Gb Racing Yellow;Realme;Realme GT7 T 12Gb/512Gb Racing Yellow;Racing Yellow;#FFD700;art_5044
Realme GT7 T 12Gb/512Gb IceSense Blue;Realme;Realme GT7 T 12Gb/512Gb IceSense Blue;IceSense Blue;#00CED1;art_5043
Realme GT7 T 12Gb/512Gb IceSense Black;Realme;Realme GT7 T 12Gb/512Gb IceSense Black;IceSense Black;#00CED1;art_5042
Realme GT7 T 12Gb/256Gb Racing Yellow;Realme;Realme GT7 T 12Gb/256Gb Racing Yellow;Racing Yellow;#FFD700;art_5041
Realme GT7 T 12Gb/256Gb IceSense Blue;Realme;Realme GT7 T 12Gb/256Gb IceSense Blue;IceSense Blue;#00CED1;art_5040
Realme GT7 T 12Gb/256Gb IceSense Black;Realme;Realme GT7 T 12Gb/256Gb IceSense Black;IceSense Black;#00CED1;art_5039
Realme GT7 12Gb/512Gb IceSense Blue;Realme;Realme GT7 12Gb/512Gb IceSense Blue;IceSense Blue;#00CED1;art_5038
Realme GT7 12Gb/512Gb IceSense Black;Realme;Realme GT7 12Gb/512Gb IceSense Black;IceSense Black;#00CED1;art_5037
Realme GT7 12Gb/256Gb IceSense Blue;Realme;Realme GT7 12Gb/256Gb IceSense Blue;IceSense Blue;#00CED1;art_5036
Realme GT7 12Gb/256Gb IceSense Black;Realme;Realme GT7 12Gb/256Gb IceSense Black;IceSense Black;#00CED1;art_5035
Смартфон Realme GT7 Pro 12Gb/512Gb Mars Orange;Realme;Смартфон Realme GT7 Pro 12Gb/512Gb Mars Orange;Mars Orange;#B22222;art_5034
Смартфон Realme GT7 Pro 12Gb/512Gb Galaxy Grey;Realme;Смартфон Realme GT7 Pro 12Gb/512Gb Galaxy Grey;Galaxy Grey;#6A5ACD;art_5033
Смартфон Realme GT7 Pro 12Gb/256Gb Mars Orange;Realme;Смартфон Realme GT7 Pro 12Gb/256Gb Mars Orange;Mars Orange;#B22222;art_5032
Смартфон Realme GT7 Pro 12Gb/256Gb Galaxy Grey;Realme;Смартфон Realme GT7 Pro 12Gb/256Gb Galaxy Grey;Galaxy Grey;#6A5ACD;art_5031
Realme 14T 8Gb/256Gb Surf Green;Realme;Realme 14T 8Gb/256Gb Surf Green;Surf Green;#00CED1;art_5030
Realme 14T 8Gb/256Gb Obsidian Black;Realme;Realme 14T 8Gb/256Gb Obsidian Black;Obsidian Black;#4B4B4B;art_5029
Realme 14T 8Gb/256Gb Lightning Purple;Realme;Realme 14T 8Gb/256Gb Lightning Purple;Lightning Purple;#AAFF00;art_5028
Realme 14T 8Gb/128Gb Surf Green;Realme;Realme 14T 8Gb/128Gb Surf Green;Surf Green;#00CED1;art_5027
Realme 14T 8Gb/128Gb Obsidian Black;Realme;Realme 14T 8Gb/128Gb Obsidian Black;Obsidian Black;#4B4B4B;art_5026
Realme 14T 8Gb/128Gb Lightning Purple;Realme;Realme 14T 8Gb/128Gb Lightning Purple;Lightning Purple;#AAFF00;art_5025
Realme 14T 12Gb/256Gb Surf Green;Realme;Realme 14T 12Gb/256Gb Surf Green;Surf Green;#00CED1;art_5024
Realme 14T 12Gb/256Gb Obsidian Black;Realme;Realme 14T 12Gb/256Gb Obsidian Black;Obsidian Black;#4B4B4B;art_5023
Realme 14T 12Gb/256Gb Lightning Purple;Realme;Realme 14T 12Gb/256Gb Lightning Purple;Lightning Purple;#AAFF00;art_5022
Realme 14 8Gb/256Gb Storm Titanium;Realme;Realme 14 8Gb/256Gb Storm Titanium;Storm Titanium;#778899;art_5021
Realme 14 8Gb/256Gb Mecha Silver;Realme;Realme 14 8Gb/256Gb Mecha Silver;Mecha Silver;#A9A9A9;art_5020
Realme 14 8Gb/256Gb	Warrior Pink;Realme;Realme 14 8Gb/256Gb	Warrior Pink;Warrior Pink;#FF69B4;art_5019
Realme 14 12Gb/256Gb Warrior Pink;Realme;Realme 14 12Gb/256Gb Warrior Pink;Warrior Pink;#DC143C;art_5018
Realme 14 12Gb/256Gb Storm Titanium;Realme;Realme 14 12Gb/256Gb Storm Titanium;Storm Titanium;#778899;art_5017
Realme 14 12Gb/256Gb Mecha Silver;Realme;Realme 14 12Gb/256Gb Mecha Silver;Mecha Silver;#A9A9A9;art_5016
Realme 14 Pro 8Gb/256Gb Suede Grey;Realme;Realme 14 Pro 8Gb/256Gb Suede Grey;Suede Grey;#C2B280;art_5015
Realme 14 Pro 8Gb/256Gb Pearl White;Realme;Realme 14 Pro 8Gb/256Gb Pearl White;Pearl White;#EAE0C8;art_5014
Realme 14 Pro 12Gb/512Gb Suede Grey;Realme;Realme 14 Pro 12Gb/512Gb Suede Grey;Suede Grey;#C2B280;art_5013
Realme 14 Pro 12Gb/512Gb Pearl White;Realme;Realme 14 Pro 12Gb/512Gb Pearl White;Pearl White;#EAE0C8;art_5012
Realme 14 Pro Plus 8Gb/256Gb Suede Gray;Realme;Realme 14 Pro Plus 8Gb/256Gb Suede Gray;Suede Gray;#C2B280;art_5011
Realme 14 Pro Plus 8Gb/256Gb Pearl White;Realme;Realme 14 Pro Plus 8Gb/256Gb Pearl White;Pearl White;#EAE0C8;art_5010
Realme 14 Pro Plus 12Gb/512Gb Suede Gray;Realme;Realme 14 Pro Plus 12Gb/512Gb Suede Gray;Suede Gray;#C2B280;art_5009
Realme 14 Pro Plus 12Gb/512Gb Pearl White;Realme;Realme 14 Pro Plus 12Gb/512Gb Pearl White;Pearl White;#EAE0C8;art_5008
Смартфон OnePlus Nord 4 8Gb/256Gb Obsidian Midnight;OnePlus;Смартфон OnePlus Nord 4 8Gb/256Gb Obsidian Midnight;Obsidian Midnight;#4B4B4B;art_5007
Смартфон OnePlus Nord 4 8Gb/256Gb Oasis Green;OnePlus;Смартфон OnePlus Nord 4 8Gb/256Gb Oasis Green;Oasis Green;#00FFCC;art_5006
Смартфон OnePlus Nord 4 8Gb/256Gb Mercurial Silver;OnePlus;Смартфон OnePlus Nord 4 8Gb/256Gb Mercurial Silver;Mercurial Silver;#ADD8E6;art_5005
Смартфон OnePlus Nord 4 8Gb/128Gb Obsidian Midnight;OnePlus;Смартфон OnePlus Nord 4 8Gb/128Gb Obsidian Midnight;Obsidian Midnight;#4B4B4B;art_5004
Смартфон OnePlus Nord 4 8Gb/128Gb Oasis Green;OnePlus;Смартфон OnePlus Nord 4 8Gb/128Gb Oasis Green;Oasis Green;#00FFCC;art_5003
Смартфон OnePlus Nord 4 8Gb/128Gb Mercurial Silver;OnePlus;Смартфон OnePlus Nord 4 8Gb/128Gb Mercurial Silver;Mercurial Silver;#ADD8E6;art_5002
Смартфон OnePlus Nord 4 16Gb/512Gb Obsidian Midnight;OnePlus;Смартфон OnePlus Nord 4 16Gb/512Gb Obsidian Midnight;Obsidian Midnight;#4B4B4B;art_5001
Смартфон OnePlus Nord 4 16Gb/512Gb Oasis Green;OnePlus;Смартфон OnePlus Nord 4 16Gb/512Gb Oasis Green;Oasis Green;#00FFCC;art_5000
Смартфон OnePlus Nord 4 16Gb/512Gb Mercurial Silver;OnePlus;Смартфон OnePlus Nord 4 16Gb/512Gb Mercurial Silver;Mercurial Silver;#ADD8E6;art_4999
Смартфон OnePlus Nord 4 12Gb/256Gb Obsidian Midnight;OnePlus;Смартфон OnePlus Nord 4 12Gb/256Gb Obsidian Midnight;Obsidian Midnight;#4B4B4B;art_4998
Смартфон OnePlus Nord 4 12Gb/256Gb Oasis Green;OnePlus;Смартфон OnePlus Nord 4 12Gb/256Gb Oasis Green;Oasis Green;#00FFCC;art_4997
Смартфон OnePlus Nord 4 12Gb/256Gb Mercurial Silver;OnePlus;Смартфон OnePlus Nord 4 12Gb/256Gb Mercurial Silver;Mercurial Silver;#ADD8E6;art_4996
OnePlus 13s 12Gb/512Gb Pink Satin;OnePlus;OnePlus 13s 12Gb/512Gb Pink Satin;Pink Satin;#FFC0CB;art_4995
OnePlus 13s 12Gb/512Gb Green Silk;OnePlus;OnePlus 13s 12Gb/512Gb Green Silk;Green Silk;#008000;art_4994
OnePlus 13s 12Gb/512Gb Black Velvet;OnePlus;OnePlus 13s 12Gb/512Gb Black Velvet;Black Velvet;#000000;art_4993
OnePlus 13s 12Gb/256Gb Pink Satin;OnePlus;OnePlus 13s 12Gb/256Gb Pink Satin;Pink Satin;#FFC0CB;art_4992
OnePlus 13s 12Gb/256Gb Green Silk;OnePlus;OnePlus 13s 12Gb/256Gb Green Silk;Green Silk;#008000;art_4991
OnePlus 13s 12Gb/256Gb Black Velvet;OnePlus;OnePlus 13s 12Gb/256Gb Black Velvet;Black Velvet;#000000;art_4990
Смартфон OnePlus 13 24Gb/1Tb Midnight Ocean;OnePlus;Смартфон OnePlus 13 24Gb/1Tb Midnight Ocean;Midnight Ocean;#191970;art_4989
Смартфон OnePlus 13 24Gb/1Tb Black Eclipse;OnePlus;Смартфон OnePlus 13 24Gb/1Tb Black Eclipse;Black Eclipse;#000000;art_4988
Смартфон OnePlus 13 24Gb/1Tb Arctic Dawn;OnePlus;Смартфон OnePlus 13 24Gb/1Tb Arctic Dawn;Arctic Dawn;#DFF9FB;art_4987
Смартфон OnePlus 13 16Gb/512Gb Midnight Ocean;OnePlus;Смартфон OnePlus 13 16Gb/512Gb Midnight Ocean;Midnight Ocean;#191970;art_4986
Смартфон OnePlus 13 16Gb/512Gb Black Eclipse;OnePlus;Смартфон OnePlus 13 16Gb/512Gb Black Eclipse;Black Eclipse;#000000;art_4985
Смартфон OnePlus 13 16Gb/512Gb Arctic Dawn;OnePlus;Смартфон OnePlus 13 16Gb/512Gb Arctic Dawn;Arctic Dawn;#DFF9FB;art_4984
Смартфон OnePlus 13 12Gb/512Gb Midnight Ocean;OnePlus;Смартфон OnePlus 13 12Gb/512Gb Midnight Ocean;Midnight Ocean;#191970;art_4983
Смартфон OnePlus 13 12Gb/512Gb Black Eclipse;OnePlus;Смартфон OnePlus 13 12Gb/512Gb Black Eclipse;Black Eclipse;#000000;art_4982
Смартфон OnePlus 13 12Gb/512Gb Arctic Dawn;OnePlus;Смартфон OnePlus 13 12Gb/512Gb Arctic Dawn;Arctic Dawn;#DFF9FB;art_4981
Смартфон OnePlus 13 12Gb/256Gb Midnight Ocean;OnePlus;Смартфон OnePlus 13 12Gb/256Gb Midnight Ocean;Midnight Ocean;#191970;art_4980
Смартфон OnePlus 13 12Gb/256Gb Black Eclipse;OnePlus;Смартфон OnePlus 13 12Gb/256Gb Black Eclipse;Black Eclipse;#000000;art_4979
Смартфон OnePlus 13 12Gb/256Gb Arctic Dawn;OnePlus;Смартфон OnePlus 13 12Gb/256Gb Arctic Dawn;Arctic Dawn;#DFF9FB;art_4978
Смартфон OnePlus Open 16Gb/512Gb Voyager Black;OnePlus;Смартфон OnePlus Open 16Gb/512Gb Voyager Black;Voyager Black;#4B0082;art_4977
Смартфон OnePlus Open 16Gb/512Gb Emerald Dusk;OnePlus;Смартфон OnePlus Open 16Gb/512Gb Emerald Dusk;Emerald Dusk;#50C878;art_4976
Смартфон OnePlus 13R 16Gb/512Gb Nebula Noir;OnePlus;Смартфон OnePlus 13R 16Gb/512Gb Nebula Noir;Nebula Noir;#7B68EE;art_4975
Смартфон OnePlus 13R 16Gb/512Gb Astral Trail;OnePlus;Смартфон OnePlus 13R 16Gb/512Gb Astral Trail;Astral Trail;#8A2BE2;art_4974
Смартфон OnePlus 13R 12Gb/256Gb Nebula Noir;OnePlus;Смартфон OnePlus 13R 12Gb/256Gb Nebula Noir;Nebula Noir;#7B68EE;art_4973
Смартфон OnePlus 13R 12Gb/256Gb Astral Trail;OnePlus;Смартфон OnePlus 13R 12Gb/256Gb Astral Trail;Astral Trail;#8A2BE2;art_4972
Смартфон Huawei Pura 70 12Gb/256Gb White;Huawei;Смартфон Huawei Pura 70 12Gb/256Gb White;White;#FFFFFF;art_4971
Смартфон Huawei Pura 70 12Gb/256Gb Pink;Huawei;Смартфон Huawei Pura 70 12Gb/256Gb Pink;Pink;#FFC0CB;art_4970
Смартфон Huawei Pura 70 12Gb/256Gb Black;Huawei;Смартфон Huawei Pura 70 12Gb/256Gb Black;Black;#000000;art_4969
Смартфон Huawei Pura 70 Pro 12Gb/512Gb White;Huawei;Смартфон Huawei Pura 70 Pro 12Gb/512Gb White;White;#FFFFFF;art_4968
Смартфон Huawei Pura 70 Pro 12Gb/512Gb Black;Huawei;Смартфон Huawei Pura 70 Pro 12Gb/512Gb Black;Black;#000000;art_4967
Смартфон Huawei Pura 70 Ultra 16Gb/512Gb Green;Huawei;Смартфон Huawei Pura 70 Ultra 16Gb/512Gb Green;Green;#008000;art_4966
Смартфон Huawei Pura 70 Ultra 16Gb/512Gb Brown;Huawei;Смартфон Huawei Pura 70 Ultra 16Gb/512Gb Brown;Brown;#A52A2A;art_4965
Смартфон Huawei Pura 70 Ultra 16Gb/512Gb Black;Huawei;Смартфон Huawei Pura 70 Ultra 16Gb/512Gb Black;Black;#000000;art_4964
Смартфон Huawei Pura 70 Ultra 16Gb/1Tb Green;Huawei;Смартфон Huawei Pura 70 Ultra 16Gb/1Tb Green;Green;#008000;art_4963
Смартфон Huawei Pura 70 Ultra 16Gb/1Tb Brown;Huawei;Смартфон Huawei Pura 70 Ultra 16Gb/1Tb Brown;Brown;#A52A2A;art_4962
Смартфон Huawei Pura 70 Ultra 16Gb/1Tb Black;Huawei;Смартфон Huawei Pura 70 Ultra 16Gb/1Tb Black;Black;#000000;art_4961
Huawei Mate XT Ultimate 16Gb/1Tb Red;Huawei;Huawei Mate XT Ultimate 16Gb/1Tb Red;Red;#FF0000;art_4960
Huawei Mate XT Ultimate 16Gb/1Tb Black;Huawei;Huawei Mate XT Ultimate 16Gb/1Tb Black;Black;#000000;art_4959
Смартфон Huawei Mate X6 12Gb/512Gb Nebula Red;Huawei;Смартфон Huawei Mate X6 12Gb/512Gb Nebula Red;Nebula Red;#7B68EE;art_4958
Смартфон Huawei Mate X6 12Gb/512Gb Nebula Gray;Huawei;Смартфон Huawei Mate X6 12Gb/512Gb Nebula Gray;Nebula Gray;#7B68EE;art_4957
Смартфон Huawei Mate X6 12Gb/512Gb Black;Huawei;Смартфон Huawei Mate X6 12Gb/512Gb Black;Black;#000000;art_4956
Huawei Pura 80 12GB/256GB Frosted White;Huawei;Huawei Pura 80 12GB/256GB Frosted White;Frosted White;#f5fffa;art_4955
Huawei Pura 80 12GB/256GB Frosted Gold;Huawei;Huawei Pura 80 12GB/256GB Frosted Gold;Frosted Gold;#f5fffa;art_4954
Huawei Pura 80 12GB/256GB Frosted Black;Huawei;Huawei Pura 80 12GB/256GB Frosted Black;Frosted Black;#f5fffa;art_4953
Huawei Pura 80 Pro 12GB/512GB Glazed White;Huawei;Huawei Pura 80 Pro 12GB/512GB Glazed White;Glazed White;;art_4952
Huawei Pura 80 Pro 12GB/512GB Glazed Red;Huawei;Huawei Pura 80 Pro 12GB/512GB Glazed Red;Glazed Red;;art_4951
Huawei Pura 80 Pro 12GB/512GB Glazed Black;Huawei;Huawei Pura 80 Pro 12GB/512GB Glazed Black;Glazed Black;;art_4950
Huawei Pura 80 Ultra 16Gb/512Gb Prestige Gold;Huawei;Huawei Pura 80 Ultra 16Gb/512Gb Prestige Gold;Prestige Gold;;art_4949
Huawei Pura 80 Ultra 16Gb/512Gb Golden Black;Huawei;Huawei Pura 80 Ultra 16Gb/512Gb Golden Black;Golden Black;;art_4948
Смартфон HONOR Magic6 Pro 12Gb/512Gb Green;HONOR;Смартфон HONOR Magic6 Pro 12Gb/512Gb Green;Green;#008000;art_4947
Смартфон HONOR Magic6 Pro 12Gb/512Gb Black;HONOR;Смартфон HONOR Magic6 Pro 12Gb/512Gb Black;Black;#000000;art_4946
HONOR Magic7 Lite 8Gb/256Gb Titanium Purple;HONOR;HONOR Magic7 Lite 8Gb/256Gb Titanium Purple;Titanium Purple;#B0B0B0;art_4945
HONOR Magic7 Lite 8Gb/256Gb Titanium Black;HONOR;HONOR Magic7 Lite 8Gb/256Gb Titanium Black;Titanium Black;#B0B0B0;art_4944
HONOR Magic7 12Gb/256Gb Lunar Shadow Grey;HONOR;HONOR Magic7 12Gb/256Gb Lunar Shadow Grey;Lunar Shadow Grey;#C4C4C4;art_4943
HONOR Magic7 12Gb/256Gb Glacier White;HONOR;HONOR Magic7 12Gb/256Gb Glacier White;Glacier White;#E0FFFF;art_4942
HONOR Magic7 12Gb/256Gb Black;HONOR;HONOR Magic7 12Gb/256Gb Black;Black;#000000;art_4941
Honor Magic7 Pro 16Gb/1Tb Lunar Shadow Grey;HONOR;Honor Magic7 Pro 16Gb/1Tb Lunar Shadow Grey;Lunar Shadow Grey;#C4C4C4;art_4940
Honor Magic7 Pro 16Gb/1Tb Breeze Blue;HONOR;Honor Magic7 Pro 16Gb/1Tb Breeze Blue;Breeze Blue;#B0E0E6;art_4939
Honor Magic7 Pro 16Gb/1Tb Black;HONOR;Honor Magic7 Pro 16Gb/1Tb Black;Black;#000000;art_4938
Honor Magic7 Pro 12Gb/512Gb Lunar Shadow Grey;HONOR;Honor Magic7 Pro 12Gb/512Gb Lunar Shadow Grey;Lunar Shadow Grey;#C4C4C4;art_4937
Honor Magic7 Pro 12Gb/512Gb Breeze Blue;HONOR;Honor Magic7 Pro 12Gb/512Gb Breeze Blue;Breeze Blue;#B0E0E6;art_4936
Honor Magic7 Pro 12Gb/512Gb Black;HONOR;Honor Magic7 Pro 12Gb/512Gb Black;Black;#000000;art_4935
Смартфон HONOR Magic V2 16Gb/512Gb Silk Purple;HONOR;Смартфон HONOR Magic V2 16Gb/512Gb Silk Purple;Silk Purple;#BFAFB2;art_4934
Смартфон HONOR Magic V2 16Gb/512Gb Silk Black;HONOR;Смартфон HONOR Magic V2 16Gb/512Gb Silk Black;Silk Black;#BFAFB2;art_4933
Смартфон HONOR Magic V2 16Gb/512Gb Black;HONOR;Смартфон HONOR Magic V2 16Gb/512Gb Black;Black;#000000;art_4932
HONOR X9d 8Gb/256Gb Sunrise Gold;HONOR;HONOR X9d 8Gb/256Gb Sunrise Gold;Sunrise Gold;#FFFACD;art_4931
HONOR X9d 8Gb/256Gb Reddish Brown;HONOR;HONOR X9d 8Gb/256Gb Reddish Brown;Reddish Brown;#A52A2A;art_4930
HONOR X9d 8Gb/256Gb Midnight Black;HONOR;HONOR X9d 8Gb/256Gb Midnight Black;Midnight Black;#191970;art_4929
HONOR X9d 8Gb/256Gb Forest Green;HONOR;HONOR X9d 8Gb/256Gb Forest Green;Forest Green;#228B22;art_4928
HONOR X9d 12Gb/512Gb Sunrise Gold;HONOR;HONOR X9d 12Gb/512Gb Sunrise Gold;Sunrise Gold;#FFFACD;art_4927
HONOR X9d 12Gb/512Gb Reddish Brown;HONOR;HONOR X9d 12Gb/512Gb Reddish Brown;Reddish Brown;#A52A2A;art_4926
HONOR X9d 12Gb/512Gb Midnight Black;HONOR;HONOR X9d 12Gb/512Gb Midnight Black;Midnight Black;#191970;art_4925
HONOR X9d 12Gb/512Gb Forest Green;HONOR;HONOR X9d 12Gb/512Gb Forest Green;Forest Green;#228B22;art_4924
HONOR X9d 12Gb/256Gb Sunrise Gold;HONOR;HONOR X9d 12Gb/256Gb Sunrise Gold;Sunrise Gold;#FFFACD;art_4923
HONOR X9d 12Gb/256Gb Reddish Brown;HONOR;HONOR X9d 12Gb/256Gb Reddish Brown;Reddish Brown;#A52A2A;art_4922
HONOR X9d 12Gb/256Gb Midnight Black;HONOR;HONOR X9d 12Gb/256Gb Midnight Black;Midnight Black;#191970;art_4921
HONOR X9d 12Gb/256Gb Forest Green;HONOR;HONOR X9d 12Gb/256Gb Forest Green;Forest Green;#228B22;art_4920
Смартфон HONOR Magic V3 12Gb/512Gb Reddish Brown;HONOR;Смартфон HONOR Magic V3 12Gb/512Gb Reddish Brown;Reddish Brown;#A52A2A;art_4919
Смартфон HONOR Magic V3 12Gb/512Gb Green;HONOR;Смартфон HONOR Magic V3 12Gb/512Gb Green;Green;#008000;art_4918
Смартфон HONOR Magic V3 12Gb/512Gb Black;HONOR;Смартфон HONOR Magic V3 12Gb/512Gb Black;Black;#000000;art_4917
Смартфон HONOR X9c 8Gb/256Gb Titanium Purple;HONOR;Смартфон HONOR X9c 8Gb/256Gb Titanium Purple;Titanium Purple;#B0B0B0;art_4916
Смартфон HONOR X9c 8Gb/256Gb Titanium Black;HONOR;Смартфон HONOR X9c 8Gb/256Gb Titanium Black;Titanium Black;#B0B0B0;art_4915
Смартфон HONOR X9c 8Gb/256Gb Jade Cyan;HONOR;Смартфон HONOR X9c 8Gb/256Gb Jade Cyan;Jade Cyan;#00A86B;art_4914
Смартфон HONOR X9c 12Gb/512Gb Titanium Purple;HONOR;Смартфон HONOR X9c 12Gb/512Gb Titanium Purple;Titanium Purple;#B0B0B0;art_4913
Смартфон HONOR X9c 12Gb/512Gb Titanium Black;HONOR;Смартфон HONOR X9c 12Gb/512Gb Titanium Black;Titanium Black;#B0B0B0;art_4912
Смартфон HONOR X9c 12Gb/512Gb Jade Cyan;HONOR;Смартфон HONOR X9c 12Gb/512Gb Jade Cyan;Jade Cyan;#00A86B;art_4911
Смартфон HONOR X9c 12Gb/256Gb Titanium Purple;HONOR;Смартфон HONOR X9c 12Gb/256Gb Titanium Purple;Titanium Purple;#B0B0B0;art_4910
Смартфон HONOR X9c 12Gb/256Gb Titanium Black;HONOR;Смартфон HONOR X9c 12Gb/256Gb Titanium Black;Titanium Black;#B0B0B0;art_4909
Смартфон HONOR X9c 12Gb/256Gb Jade Cyan;HONOR;Смартфон HONOR X9c 12Gb/256Gb Jade Cyan;Jade Cyan;#00A86B;art_4908
HONOR Magic V5 16GB/512GB Reddish Brown;HONOR;HONOR Magic V5 16GB/512GB Reddish Brown;Reddish Brown;#A52A2A;art_4907
HONOR Magic V5 16GB/512GB Ivory White;HONOR;HONOR Magic V5 16GB/512GB Ivory White;Ivory White;#FFFFF0;art_4906
HONOR Magic V5 16GB/512GB Dawn Gold;HONOR;HONOR Magic V5 16GB/512GB Dawn Gold;Dawn Gold;#FFD700;art_4905
HONOR Magic V5 16GB/512GB Black;HONOR;HONOR Magic V5 16GB/512GB Black;Black;#000000;art_4904
Смартфон HONOR 200 Lite 8Gb/256Gb Starry Blue;HONOR;Смартфон HONOR 200 Lite 8Gb/256Gb Starry Blue;Starry Blue;#191970;art_4903
Смартфон HONOR 200 Lite 8Gb/256Gb Cyan Lake;HONOR;Смартфон HONOR 200 Lite 8Gb/256Gb Cyan Lake;Cyan Lake;#00FFFF;art_4902
Смартфон HONOR 200 Lite 8Gb/256Gb Black;HONOR;Смартфон HONOR 200 Lite 8Gb/256Gb Black;Black;#000000;art_4901
Смартфон HONOR 200 8Gb/256Gb Moonlight White;HONOR;Смартфон HONOR 200 8Gb/256Gb Moonlight White;Moonlight White;#CED9E0;art_4900
Смартфон HONOR 200 8Gb/256Gb Emerald Green;HONOR;Смартфон HONOR 200 8Gb/256Gb Emerald Green;Emerald Green;#50C878;art_4899
Смартфон HONOR 200 8Gb/256Gb Black;HONOR;Смартфон HONOR 200 8Gb/256Gb Black;Black;#000000;art_4898
Смартфон HONOR 200 12Gb/512Gb Moonlight White;HONOR;Смартфон HONOR 200 12Gb/512Gb Moonlight White;Moonlight White;#CED9E0;art_4897
Смартфон HONOR 200 12Gb/512Gb Emerald Green;HONOR;Смартфон HONOR 200 12Gb/512Gb Emerald Green;Emerald Green;#50C878;art_4896
Смартфон HONOR 200 12Gb/512Gb Black;HONOR;Смартфон HONOR 200 12Gb/512Gb Black;Black;#000000;art_4895
Смартфон HONOR 200 Pro 12Gb/512Gb Ocean Cyan;HONOR;Смартфон HONOR 200 Pro 12Gb/512Gb Ocean Cyan;Ocean Cyan;#0077BE;art_4894
Смартфон HONOR 200 Pro 12Gb/512Gb Moonlight White;HONOR;Смартфон HONOR 200 Pro 12Gb/512Gb Moonlight White;Moonlight White;#CED9E0;art_4893
Смартфон HONOR 200 Pro 12Gb/512Gb Black;HONOR;Смартфон HONOR 200 Pro 12Gb/512Gb Black;Black;#000000;art_4892
HONOR 400 8Gb/256Gb Tidal Blue;HONOR;HONOR 400 8Gb/256Gb Tidal Blue;Tidal Blue;#4682B4;art_4891
HONOR 400 8Gb/256Gb Midnight Black;HONOR;HONOR 400 8Gb/256Gb Midnight Black;Midnight Black;#191970;art_4890
HONOR 400 8Gb/256Gb Meteor Silver;HONOR;HONOR 400 8Gb/256Gb Meteor Silver;Meteor Silver;#C0C0C0;art_4889
HONOR 400 8Gb/256Gb Desert Gold;HONOR;HONOR 400 8Gb/256Gb Desert Gold;Desert Gold;#EDC9AF;art_4888
HONOR 400 12Gb/512Gb Tidal Blue;HONOR;HONOR 400 12Gb/512Gb Tidal Blue;Tidal Blue;#4682B4;art_4887
HONOR 400 12Gb/512Gb Midnight Black;HONOR;HONOR 400 12Gb/512Gb Midnight Black;Midnight Black;#191970;art_4886
HONOR 400 12Gb/512Gb Meteor Silver;HONOR;HONOR 400 12Gb/512Gb Meteor Silver;Meteor Silver;#C0C0C0;art_4885
HONOR 400 12Gb/512Gb Desert Gold;HONOR;HONOR 400 12Gb/512Gb Desert Gold;Desert Gold;#EDC9AF;art_4884
HONOR 400 12Gb/256Gb Tidal Blue;HONOR;HONOR 400 12Gb/256Gb Tidal Blue;Tidal Blue;#4682B4;art_4883
HONOR 400 12Gb/256Gb Midnight Black;HONOR;HONOR 400 12Gb/256Gb Midnight Black;Midnight Black;#191970;art_4882
HONOR 400 12Gb/256Gb Meteor Silver;HONOR;HONOR 400 12Gb/256Gb Meteor Silver;Meteor Silver;#C0C0C0;art_4881
HONOR 400 12Gb/256Gb Desert Gold;HONOR;HONOR 400 12Gb/256Gb Desert Gold;Desert Gold;#EDC9AF;art_4880
HONOR 400 Pro 12Gb/512Gb Tidal Blue;HONOR;HONOR 400 Pro 12Gb/512Gb Tidal Blue;Tidal Blue;#4682B4;art_4879
HONOR 400 Pro 12Gb/512Gb Midnight Black;HONOR;HONOR 400 Pro 12Gb/512Gb Midnight Black;Midnight Black;#191970;art_4878
HONOR 400 Pro 12Gb/512Gb Lunar Grey;HONOR;HONOR 400 Pro 12Gb/512Gb Lunar Grey;Lunar Grey;#808080;art_4877
HONOR 400 Pro 12Gb/256Gb Tidal Blue;HONOR;HONOR 400 Pro 12Gb/256Gb Tidal Blue;Tidal Blue;#4682B4;art_4876
HONOR 400 Pro 12Gb/256Gb Midnight Black;HONOR;HONOR 400 Pro 12Gb/256Gb Midnight Black;Midnight Black;#191970;art_4875
HONOR 400 Pro 12Gb/256Gb Lunar Grey;HONOR;HONOR 400 Pro 12Gb/256Gb Lunar Grey;Lunar Grey;#808080;art_4874
HONOR 400 Lite 8Gb/256Gb Velvet Grey;HONOR;HONOR 400 Lite 8Gb/256Gb Velvet Grey;Velvet Grey;#800020;art_4873
HONOR 400 Lite 8Gb/256Gb Velvet Black;HONOR;HONOR 400 Lite 8Gb/256Gb Velvet Black;Velvet Black;#800020;art_4872
HONOR 400 Lite 8Gb/256Gb Marrs Green;HONOR;HONOR 400 Lite 8Gb/256Gb Marrs Green;Marrs Green;#B22222;art_4871
HONOR 400 Lite 12Gb/256Gb Velvet Grey;HONOR;HONOR 400 Lite 12Gb/256Gb Velvet Grey;Velvet Grey;#800020;art_4870
HONOR 400 Lite 12Gb/256Gb Velvet Black;HONOR;HONOR 400 Lite 12Gb/256Gb Velvet Black;Velvet Black;#800020;art_4869
HONOR 400 Lite 12Gb/256Gb Marrs Green;HONOR;HONOR 400 Lite 12Gb/256Gb Marrs Green;Marrs Green;#B22222;art_4868
Смартфон Google Pixel 7a 8Gb/128Gb Snow;Google;Смартфон Google Pixel 7a 8Gb/128Gb Snow;Snow;#FFFAFA;art_4867
Смартфон Google Pixel 7a 8Gb/128Gb Sea;Google;Смартфон Google Pixel 7a 8Gb/128Gb Sea;Sea;#2E8B57;art_4866
Смартфон Google Pixel 7a 8Gb/128Gb Coral;Google;Смартфон Google Pixel 7a 8Gb/128Gb Coral;Coral;#FF7F50;art_4865
Смартфон Google Pixel 7a 8Gb/128Gb Charcoal;Google;Смартфон Google Pixel 7a 8Gb/128Gb Charcoal;Charcoal;#36454F;art_4864
Смартфон Google Pixel 8a 8Gb/256Gb Porcelain;Google;Смартфон Google Pixel 8a 8Gb/256Gb Porcelain;Porcelain;#F5F5F5;art_4863
Смартфон Google Pixel 8a 8Gb/256Gb Obsidian;Google;Смартфон Google Pixel 8a 8Gb/256Gb Obsidian;Obsidian;#4B4B4B;art_4862
Смартфон Google Pixel 8a 8Gb/256Gb Bay;Google;Смартфон Google Pixel 8a 8Gb/256Gb Bay;Bay;#87CEFA;art_4861
Смартфон Google Pixel 8a 8Gb/256Gb Aloe;Google;Смартфон Google Pixel 8a 8Gb/256Gb Aloe;Aloe;#66CDAA;art_4860
Смартфон Google Pixel 8a 8Gb/128Gb Porcelain;Google;Смартфон Google Pixel 8a 8Gb/128Gb Porcelain;Porcelain;#F5F5F5;art_4859
Смартфон Google Pixel 8a 8Gb/128Gb Obsidian;Google;Смартфон Google Pixel 8a 8Gb/128Gb Obsidian;Obsidian;#4B4B4B;art_4858
Смартфон Google Pixel 8a 8Gb/128Gb Bay;Google;Смартфон Google Pixel 8a 8Gb/128Gb Bay;Bay;#87CEFA;art_4857
Смартфон Google Pixel 8a 8Gb/128Gb Aloe;Google;Смартфон Google Pixel 8a 8Gb/128Gb Aloe;Aloe;#66CDAA;art_4856
Google Pixel 9a 8Gb/256Gb Porcelain;Google;Google Pixel 9a 8Gb/256Gb Porcelain;Porcelain;#F5F5F5;art_4855
Google Pixel 9a 8Gb/256Gb Peony;Google;Google Pixel 9a 8Gb/256Gb Peony;Peony;#FFC0CB;art_4854
Google Pixel 9a 8Gb/256Gb Obsidian;Google;Google Pixel 9a 8Gb/256Gb Obsidian;Obsidian;#4B4B4B;art_4853
Google Pixel 9a 8Gb/256Gb Iris;Google;Google Pixel 9a 8Gb/256Gb Iris;Iris;#5A4FCF;art_4852
Google Pixel 9a 8Gb/128Gb Porcelain;Google;Google Pixel 9a 8Gb/128Gb Porcelain;Porcelain;#F5F5F5;art_4851
Google Pixel 9a 8Gb/128Gb Peony;Google;Google Pixel 9a 8Gb/128Gb Peony;Peony;#FFC0CB;art_4850
Google Pixel 9a 8Gb/128Gb Obsidian;Google;Google Pixel 9a 8Gb/128Gb Obsidian;Obsidian;#4B4B4B;art_4849
Google Pixel 9a 8Gb/128Gb Iris;Google;Google Pixel 9a 8Gb/128Gb Iris;Iris;#5A4FCF;art_4848
Смартфон Google Pixel 8 8Gb/256Gb Rose;Google;Смартфон Google Pixel 8 8Gb/256Gb Rose;Rose;#FF007F;art_4847
Смартфон Google Pixel 8 8Gb/256Gb Obsidian;Google;Смартфон Google Pixel 8 8Gb/256Gb Obsidian;Obsidian;#4B4B4B;art_4846
Смартфон Google Pixel 8 8Gb/256Gb Hazel;Google;Смартфон Google Pixel 8 8Gb/256Gb Hazel;Hazel;#8E7618;art_4845
Смартфон Google Pixel 8 8Gb/128Gb Rose;Google;Смартфон Google Pixel 8 8Gb/128Gb Rose;Rose;#FF007F;art_4844
Смартфон Google Pixel 8 8Gb/128Gb Obsidian;Google;Смартфон Google Pixel 8 8Gb/128Gb Obsidian;Obsidian;#4B4B4B;art_4843
Смартфон Google Pixel 8 8Gb/128Gb Hazel;Google;Смартфон Google Pixel 8 8Gb/128Gb Hazel;Hazel;#8E7618;art_4842
Смартфон Google Pixel 7 8Gb/256Gb Snow;Google;Смартфон Google Pixel 7 8Gb/256Gb Snow;Snow;#FFFAFA;art_4841
Смартфон Google Pixel 7 8Gb/256Gb Obsidian;Google;Смартфон Google Pixel 7 8Gb/256Gb Obsidian;Obsidian;#4B4B4B;art_4840
Смартфон Google Pixel 7 8Gb/256Gb Lemongrass;Google;Смартфон Google Pixel 7 8Gb/256Gb Lemongrass;Lemongrass;#E1E764;art_4839
Смартфон Google Pixel 7 8Gb/128Gb Snow;Google;Смартфон Google Pixel 7 8Gb/128Gb Snow;Snow;#FFFAFA;art_4838
Смартфон Google Pixel 7 8Gb/128Gb Obsidian;Google;Смартфон Google Pixel 7 8Gb/128Gb Obsidian;Obsidian;#4B4B4B;art_4837
Смартфон Google Pixel 7 8Gb/128Gb Lemongrass;Google;Смартфон Google Pixel 7 8Gb/128Gb Lemongrass;Lemongrass;#E1E764;art_4836
Смартфон Google Pixel 8 Pro 12Gb/512Gb Porcelain;Google;Смартфон Google Pixel 8 Pro 12Gb/512Gb Porcelain;Porcelain;#F5F5F5;art_4835
Смартфон Google Pixel 8 Pro 12Gb/512Gb Obsidian;Google;Смартфон Google Pixel 8 Pro 12Gb/512Gb Obsidian;Obsidian;#4B4B4B;art_4834
Смартфон Google Pixel 8 Pro 12Gb/512Gb Bay;Google;Смартфон Google Pixel 8 Pro 12Gb/512Gb Bay;Bay;#87CEFA;art_4833
Смартфон Google Pixel 8 Pro 12Gb/256Gb Porcelain;Google;Смартфон Google Pixel 8 Pro 12Gb/256Gb Porcelain;Porcelain;#F5F5F5;art_4832
Смартфон Google Pixel 8 Pro 12Gb/256Gb Obsidian;Google;Смартфон Google Pixel 8 Pro 12Gb/256Gb Obsidian;Obsidian;#4B4B4B;art_4831
Смартфон Google Pixel 8 Pro 12Gb/256Gb Bay;Google;Смартфон Google Pixel 8 Pro 12Gb/256Gb Bay;Bay;#87CEFA;art_4830
Смартфон Google Pixel 8 Pro 12Gb/1Tb Porcelain;Google;Смартфон Google Pixel 8 Pro 12Gb/1Tb Porcelain;Porcelain;#F5F5F5;art_4829
Смартфон Google Pixel 8 Pro 12Gb/1Tb Obsidian;Google;Смартфон Google Pixel 8 Pro 12Gb/1Tb Obsidian;Obsidian;#4B4B4B;art_4828
Смартфон Google Pixel 8 Pro 12Gb/1Tb Bay;Google;Смартфон Google Pixel 8 Pro 12Gb/1Tb Bay;Bay;#87CEFA;art_4827
Смартфон Google Pixel 8 Pro 12Gb/128Gb Porcelain;Google;Смартфон Google Pixel 8 Pro 12Gb/128Gb Porcelain;Porcelain;#F5F5F5;art_4826
Смартфон Google Pixel 8 Pro 12Gb/128Gb Obsidian;Google;Смартфон Google Pixel 8 Pro 12Gb/128Gb Obsidian;Obsidian;#4B4B4B;art_4825
Смартфон Google Pixel 8 Pro 12Gb/128Gb Bay;Google;Смартфон Google Pixel 8 Pro 12Gb/128Gb Bay;Bay;#87CEFA;art_4824
Смартфон Google Pixel 7 Pro 12Gb/512Gb Snow;Google;Смартфон Google Pixel 7 Pro 12Gb/512Gb Snow;Snow;#FFFAFA;art_4823
Смартфон Google Pixel 7 Pro 12Gb/512Gb Obsidian;Google;Смартфон Google Pixel 7 Pro 12Gb/512Gb Obsidian;Obsidian;#4B4B4B;art_4822
Смартфон Google Pixel 7 Pro 12Gb/512Gb Hazel;Google;Смартфон Google Pixel 7 Pro 12Gb/512Gb Hazel;Hazel;#8E7618;art_4821
Смартфон Google Pixel 7 Pro 12Gb/256Gb Snow;Google;Смартфон Google Pixel 7 Pro 12Gb/256Gb Snow;Snow;#FFFAFA;art_4820
Смартфон Google Pixel 7 Pro 12Gb/256Gb Obsidian;Google;Смартфон Google Pixel 7 Pro 12Gb/256Gb Obsidian;Obsidian;#4B4B4B;art_4819
Смартфон Google Pixel 7 Pro 12Gb/256Gb Hazel;Google;Смартфон Google Pixel 7 Pro 12Gb/256Gb Hazel;Hazel;#8E7618;art_4818
Смартфон Google Pixel 7 Pro 12Gb/128Gb Snow;Google;Смартфон Google Pixel 7 Pro 12Gb/128Gb Snow;Snow;#FFFAFA;art_4817
Смартфон Google Pixel 7 Pro 12Gb/128Gb Obsidian;Google;Смартфон Google Pixel 7 Pro 12Gb/128Gb Obsidian;Obsidian;#4B4B4B;art_4816
Смартфон Google Pixel 7 Pro 12Gb/128Gb Hazel;Google;Смартфон Google Pixel 7 Pro 12Gb/128Gb Hazel;Hazel;#8E7618;art_4815
Смартфон Google Pixel 9 12Gb/256Gb Wintergreen;Google;Смартфон Google Pixel 9 12Gb/256Gb Wintergreen;Wintergreen;#20B2AA;art_4814
Смартфон Google Pixel 9 12Gb/256Gb Porcelain;Google;Смартфон Google Pixel 9 12Gb/256Gb Porcelain;Porcelain;#F5F5F5;art_4813
Смартфон Google Pixel 9 12Gb/256Gb Peony;Google;Смартфон Google Pixel 9 12Gb/256Gb Peony;Peony;#FFC0CB;art_4812
Смартфон Google Pixel 9 12Gb/256Gb Obsidian;Google;Смартфон Google Pixel 9 12Gb/256Gb Obsidian;Obsidian;#4B4B4B;art_4811
Смартфон Google Pixel 9 12Gb/128Gb Wintergreen;Google;Смартфон Google Pixel 9 12Gb/128Gb Wintergreen;Wintergreen;#20B2AA;art_4810
Смартфон Google Pixel 9 12Gb/128Gb Porcelain;Google;Смартфон Google Pixel 9 12Gb/128Gb Porcelain;Porcelain;#F5F5F5;art_4809
Смартфон Google Pixel 9 12Gb/128Gb Peony;Google;Смартфон Google Pixel 9 12Gb/128Gb Peony;Peony;#FFC0CB;art_4808
Смартфон Google Pixel 9 12Gb/128Gb Obsidian;Google;Смартфон Google Pixel 9 12Gb/128Gb Obsidian;Obsidian;#4B4B4B;art_4807
Смартфон Google Pixel 9 Pro XL 16Gb/512Gb Rose Quartz;Google;Смартфон Google Pixel 9 Pro XL 16Gb/512Gb Rose Quartz;Rose Quartz;#FF007F;art_4806
Смартфон Google Pixel 9 Pro XL 16Gb/512Gb Porcelain;Google;Смартфон Google Pixel 9 Pro XL 16Gb/512Gb Porcelain;Porcelain;#F5F5F5;art_4805
Смартфон Google Pixel 9 Pro XL 16Gb/512Gb Obsidian;Google;Смартфон Google Pixel 9 Pro XL 16Gb/512Gb Obsidian;Obsidian;#4B4B4B;art_4804
Смартфон Google Pixel 9 Pro XL 16Gb/512Gb Hazel;Google;Смартфон Google Pixel 9 Pro XL 16Gb/512Gb Hazel;Hazel;#8E7618;art_4803
Смартфон Google Pixel 9 Pro XL 16Gb/256Gb Rose Quartz;Google;Смартфон Google Pixel 9 Pro XL 16Gb/256Gb Rose Quartz;Rose Quartz;#FF007F;art_4802
Смартфон Google Pixel 9 Pro XL 16Gb/256Gb Porcelain;Google;Смартфон Google Pixel 9 Pro XL 16Gb/256Gb Porcelain;Porcelain;#F5F5F5;art_4801
Смартфон Google Pixel 9 Pro XL 16Gb/256Gb Obsidian;Google;Смартфон Google Pixel 9 Pro XL 16Gb/256Gb Obsidian;Obsidian;#4B4B4B;art_4800
Смартфон Google Pixel 9 Pro XL 16Gb/256Gb Hazel;Google;Смартфон Google Pixel 9 Pro XL 16Gb/256Gb Hazel;Hazel;#8E7618;art_4799
Смартфон Google Pixel 9 Pro XL 16Gb/1Tb Rose Quartz;Google;Смартфон Google Pixel 9 Pro XL 16Gb/1Tb Rose Quartz;Rose Quartz;#FF007F;art_4798
Смартфон Google Pixel 9 Pro XL 16Gb/1Tb Porcelain;Google;Смартфон Google Pixel 9 Pro XL 16Gb/1Tb Porcelain;Porcelain;#F5F5F5;art_4797
Смартфон Google Pixel 9 Pro XL 16Gb/1Tb Obsidian;Google;Смартфон Google Pixel 9 Pro XL 16Gb/1Tb Obsidian;Obsidian;#4B4B4B;art_4796
Смартфон Google Pixel 9 Pro XL 16Gb/1Tb Hazel;Google;Смартфон Google Pixel 9 Pro XL 16Gb/1Tb Hazel;Hazel;#8E7618;art_4795
Смартфон Google Pixel 9 Pro XL 16Gb/128Gb Rose Quartz;Google;Смартфон Google Pixel 9 Pro XL 16Gb/128Gb Rose Quartz;Rose Quartz;#FF007F;art_4794
Смартфон Google Pixel 9 Pro XL 16Gb/128Gb Porcelain;Google;Смартфон Google Pixel 9 Pro XL 16Gb/128Gb Porcelain;Porcelain;#F5F5F5;art_4793
Смартфон Google Pixel 9 Pro XL 16Gb/128Gb Obsidian;Google;Смартфон Google Pixel 9 Pro XL 16Gb/128Gb Obsidian;Obsidian;#4B4B4B;art_4792
Смартфон Google Pixel 9 Pro XL 16Gb/128Gb Hazel;Google;Смартфон Google Pixel 9 Pro XL 16Gb/128Gb Hazel;Hazel;#8E7618;art_4791
Смартфон Google Pixel 9 Pro 16Gb/512Gb Rose Quartz;Google;Смартфон Google Pixel 9 Pro 16Gb/512Gb Rose Quartz;Rose Quartz;#FF007F;art_4790
Смартфон Google Pixel 9 Pro 16Gb/512Gb Porcelain;Google;Смартфон Google Pixel 9 Pro 16Gb/512Gb Porcelain;Porcelain;#F5F5F5;art_4789
Смартфон Google Pixel 9 Pro 16Gb/512Gb Obsidian;Google;Смартфон Google Pixel 9 Pro 16Gb/512Gb Obsidian;Obsidian;#4B4B4B;art_4788
Смартфон Google Pixel 9 Pro 16Gb/512Gb Hazel;Google;Смартфон Google Pixel 9 Pro 16Gb/512Gb Hazel;Hazel;#8E7618;art_4787
Смартфон Google Pixel 9 Pro 16Gb/256Gb Rose Quartz;Google;Смартфон Google Pixel 9 Pro 16Gb/256Gb Rose Quartz;Rose Quartz;#FF007F;art_4786
Смартфон Google Pixel 9 Pro 16Gb/256Gb Porcelain;Google;Смартфон Google Pixel 9 Pro 16Gb/256Gb Porcelain;Porcelain;#F5F5F5;art_4785
Смартфон Google Pixel 9 Pro 16Gb/256Gb Obsidian;Google;Смартфон Google Pixel 9 Pro 16Gb/256Gb Obsidian;Obsidian;#4B4B4B;art_4784
Смартфон Google Pixel 9 Pro 16Gb/256Gb Hazel;Google;Смартфон Google Pixel 9 Pro 16Gb/256Gb Hazel;Hazel;#8E7618;art_4783
Смартфон Google Pixel 9 Pro 16Gb/1Tb Rose Quartz;Google;Смартфон Google Pixel 9 Pro 16Gb/1Tb Rose Quartz;Rose Quartz;#FF007F;art_4782
Смартфон Google Pixel 9 Pro 16Gb/1Tb Porcelain;Google;Смартфон Google Pixel 9 Pro 16Gb/1Tb Porcelain;Porcelain;#F5F5F5;art_4781
Смартфон Google Pixel 9 Pro 16Gb/1Tb Obsidian;Google;Смартфон Google Pixel 9 Pro 16Gb/1Tb Obsidian;Obsidian;#4B4B4B;art_4780
Смартфон Google Pixel 9 Pro 16Gb/1Tb Hazel;Google;Смартфон Google Pixel 9 Pro 16Gb/1Tb Hazel;Hazel;#8E7618;art_4779
Смартфон Google Pixel 9 Pro 16Gb/128Gb Rose Quartz;Google;Смартфон Google Pixel 9 Pro 16Gb/128Gb Rose Quartz;Rose Quartz;#FF007F;art_4778
Смартфон Google Pixel 9 Pro 16Gb/128Gb Porcelain;Google;Смартфон Google Pixel 9 Pro 16Gb/128Gb Porcelain;Porcelain;#F5F5F5;art_4777
Смартфон Google Pixel 9 Pro 16Gb/128Gb Obsidian;Google;Смартфон Google Pixel 9 Pro 16Gb/128Gb Obsidian;Obsidian;#4B4B4B;art_4776
Смартфон Google Pixel 9 Pro 16Gb/128Gb Hazel;Google;Смартфон Google Pixel 9 Pro 16Gb/128Gb Hazel;Hazel;#8E7618;art_4775
Google Pixel 10 Pro XL 16Gb/512Gb Porcelain;Google;Google Pixel 10 Pro XL 16Gb/512Gb Porcelain;Porcelain;#F5F5F5;art_4774
Google Pixel 10 Pro XL 16Gb/512Gb Obsidian;Google;Google Pixel 10 Pro XL 16Gb/512Gb Obsidian;Obsidian;#4B4B4B;art_4773
Google Pixel 10 Pro XL 16Gb/512Gb Jade;Google;Google Pixel 10 Pro XL 16Gb/512Gb Jade;Jade;#00A86B;art_4772
Google Pixel 10 Pro XL 16Gb/512Gb	Moonstone;Google;Google Pixel 10 Pro XL 16Gb/512Gb	Moonstone;Gb Moonstone;#FF69B4;art_4771
Google Pixel 10 Pro XL 16Gb/256Gb Porcelain;Google;Google Pixel 10 Pro XL 16Gb/256Gb Porcelain;Porcelain;#F5F5F5;art_4770
Google Pixel 10 Pro XL 16Gb/256Gb Obsidian;Google;Google Pixel 10 Pro XL 16Gb/256Gb Obsidian;Obsidian;#4B4B4B;art_4769
Google Pixel 10 Pro XL 16Gb/256Gb	Moonstone;Google;Google Pixel 10 Pro XL 16Gb/256Gb	Moonstone;Gb Moonstone;#FF69B4;art_4768
Google Pixel 10 Pro XL 16Gb/256Gb	Jade;Google;Google Pixel 10 Pro XL 16Gb/256Gb	Jade;Gb Jade;#FF69B4;art_4767
Google Pixel 10 Pro XL 16Gb/1Tb Porcelain;Google;Google Pixel 10 Pro XL 16Gb/1Tb Porcelain;Porcelain;#F5F5F5;art_4766
Google Pixel 10 Pro XL 16Gb/1Tb Obsidian;Google;Google Pixel 10 Pro XL 16Gb/1Tb Obsidian;Obsidian;#4B4B4B;art_4765
Google Pixel 10 Pro XL 16Gb/1Tb Moonstone;Google;Google Pixel 10 Pro XL 16Gb/1Tb Moonstone;Moonstone;#E0E7EF;art_4764
Google Pixel 10 Pro XL 16Gb/1Tb Jade;Google;Google Pixel 10 Pro XL 16Gb/1Tb Jade;Jade;#00A86B;art_4763
Google Pixel 10 12Gb/256Gb Obsidian;Google;Google Pixel 10 12Gb/256Gb Obsidian;Obsidian;#4B4B4B;art_4762
Google Pixel 10 12Gb/256Gb Lemongrass;Google;Google Pixel 10 12Gb/256Gb Lemongrass;Lemongrass;#E1E764;art_4761
Google Pixel 10 12Gb/256Gb Indigo;Google;Google Pixel 10 12Gb/256Gb Indigo;Indigo;#4B0082;art_4760
Google Pixel 10 12Gb/256Gb Frost;Google;Google Pixel 10 12Gb/256Gb Frost;Frost;#F5FFFA;art_4759
Google Pixel 10 12Gb/128Gb Obsidian;Google;Google Pixel 10 12Gb/128Gb Obsidian;Obsidian;#4B4B4B;art_4758
Google Pixel 10 12Gb/128Gb Lemongrass;Google;Google Pixel 10 12Gb/128Gb Lemongrass;Lemongrass;#E1E764;art_4757
Google Pixel 10 12Gb/128Gb Indigo;Google;Google Pixel 10 12Gb/128Gb Indigo;Indigo;#4B0082;art_4756
Google Pixel 10 12Gb/128Gb Frost;Google;Google Pixel 10 12Gb/128Gb Frost;Frost;#F5FFFA;art_4755
Google Pixel 10 Pro 16Gb/512Gb Porcelain;Google;Google Pixel 10 Pro 16Gb/512Gb Porcelain;Porcelain;#F5F5F5;art_4754
Google Pixel 10 Pro 16Gb/512Gb Obsidian;Google;Google Pixel 10 Pro 16Gb/512Gb Obsidian;Obsidian;#4B4B4B;art_4753
Google Pixel 10 Pro 16Gb/512Gb Moonstone;Google;Google Pixel 10 Pro 16Gb/512Gb Moonstone;Moonstone;#E0E7EF;art_4752
Google Pixel 10 Pro 16Gb/512Gb Jade;Google;Google Pixel 10 Pro 16Gb/512Gb Jade;Jade;#00A86B;art_4751
Google Pixel 10 Pro 16Gb/256Gb Porcelain;Google;Google Pixel 10 Pro 16Gb/256Gb Porcelain;Porcelain;#F5F5F5;art_4750
Google Pixel 10 Pro 16Gb/256Gb Obsidian;Google;Google Pixel 10 Pro 16Gb/256Gb Obsidian;Obsidian;#4B4B4B;art_4749
Google Pixel 10 Pro 16Gb/256Gb Moonstone;Google;Google Pixel 10 Pro 16Gb/256Gb Moonstone;Moonstone;#E0E7EF;art_4748
Google Pixel 10 Pro 16Gb/256Gb Jade;Google;Google Pixel 10 Pro 16Gb/256Gb Jade;Jade;#00A86B;art_4747
Google Pixel 10 Pro 16Gb/1Tb Porcelain;Google;Google Pixel 10 Pro 16Gb/1Tb Porcelain;Porcelain;#F5F5F5;art_4746
Google Pixel 10 Pro 16Gb/1Tb Obsidian;Google;Google Pixel 10 Pro 16Gb/1Tb Obsidian;Obsidian;#4B4B4B;art_4745
Google Pixel 10 Pro 16Gb/1Tb Moonstone;Google;Google Pixel 10 Pro 16Gb/1Tb Moonstone;Moonstone;#E0E7EF;art_4744
Google Pixel 10 Pro 16Gb/1Tb Jade;Google;Google Pixel 10 Pro 16Gb/1Tb Jade;Jade;#00A86B;art_4743
Google Pixel 10 Pro 16Gb/128Gb Porcelain;Google;Google Pixel 10 Pro 16Gb/128Gb Porcelain;Porcelain;#F5F5F5;art_4742
Google Pixel 10 Pro 16Gb/128Gb Obsidian;Google;Google Pixel 10 Pro 16Gb/128Gb Obsidian;Obsidian;#4B4B4B;art_4741
Google Pixel 10 Pro 16Gb/128Gb Moonstone;Google;Google Pixel 10 Pro 16Gb/128Gb Moonstone;Moonstone;#E0E7EF;art_4740
Google Pixel 10 Pro 16Gb/128Gb Jade;Google;Google Pixel 10 Pro 16Gb/128Gb Jade;Jade;#00A86B;art_4739
Смартфон Google Pixel 9 Pro Fold 16Gb/512Gb Porcelain;Google;Смартфон Google Pixel 9 Pro Fold 16Gb/512Gb Porcelain;Porcelain;#F5F5F5;art_4738
Смартфон Google Pixel 9 Pro Fold 16Gb/512Gb Obsidian;Google;Смартфон Google Pixel 9 Pro Fold 16Gb/512Gb Obsidian;Obsidian;#4B4B4B;art_4737
Смартфон Google Pixel 9 Pro Fold 16Gb/256Gb Porcelain;Google;Смартфон Google Pixel 9 Pro Fold 16Gb/256Gb Porcelain;Porcelain;#F5F5F5;art_4736
Смартфон Google Pixel 9 Pro Fold 16Gb/256Gb Obsidian;Google;Смартфон Google Pixel 9 Pro Fold 16Gb/256Gb Obsidian;Obsidian;#4B4B4B;art_4735
Google Pixel 10 Pro Fold 16Gb/512Gb Moonstone;Google;Google Pixel 10 Pro Fold 16Gb/512Gb Moonstone;Moonstone;#E0E7EF;art_4734
Google Pixel 10 Pro Fold 16Gb/512Gb Jade;Google;Google Pixel 10 Pro Fold 16Gb/512Gb Jade;Jade;#00A86B;art_4733
Google Pixel 10 Pro Fold 16Gb/256Gb Moonstone;Google;Google Pixel 10 Pro Fold 16Gb/256Gb Moonstone;Moonstone;#E0E7EF;art_4732
Google Pixel 10 Pro Fold 16Gb/256Gb Jade;Google;Google Pixel 10 Pro Fold 16Gb/256Gb Jade;Jade;#00A86B;art_4731
Google Pixel 10 Pro Fold 16Gb/1Tb Moonstone;Google;Google Pixel 10 Pro Fold 16Gb/1Tb Moonstone;Moonstone;#E0E7EF;art_4730
Google Pixel 10 Pro Fold 16Gb/1Tb Jade;Google;Google Pixel 10 Pro Fold 16Gb/1Tb Jade;Jade;#00A86B;art_4729
ASUS ROG Phone 9 FE 16Gb/256Gb Phantom Black;Asus;ASUS ROG Phone 9 FE 16Gb/256Gb Phantom Black;Phantom Black;#555555;art_4728
Смартфон ASUS ROG Phone 9 16Gb/512Gb Storm White;Asus;Смартфон ASUS ROG Phone 9 16Gb/512Gb Storm White;Storm White;#778899;art_4727
Смартфон ASUS ROG Phone 9 16Gb/512Gb Phantom Black;Asus;Смартфон ASUS ROG Phone 9 16Gb/512Gb Phantom Black;Phantom Black;#555555;art_4726
Смартфон ASUS ROG Phone 9 12Gb/256Gb Storm White;Asus;Смартфон ASUS ROG Phone 9 12Gb/256Gb Storm White;Storm White;#778899;art_4725
Смартфон ASUS ROG Phone 9 12Gb/256Gb Phantom Black;Asus;Смартфон ASUS ROG Phone 9 12Gb/256Gb Phantom Black;Phantom Black;#555555;art_4724
Смартфон ASUS ROG Phone 8 16Gb/256Gb Rebel Grey;Asus;Смартфон ASUS ROG Phone 8 16Gb/256Gb Rebel Grey;Rebel Grey;#343434;art_4723
Смартфон ASUS ROG Phone 8 16Gb/256Gb Phantom Black;Asus;Смартфон ASUS ROG Phone 8 16Gb/256Gb Phantom Black;Phantom Black;#555555;art_4722
Смартфон ASUS ROG Phone 8 12Gb/256Gb Rebel Grey;Asus;Смартфон ASUS ROG Phone 8 12Gb/256Gb Rebel Grey;Rebel Grey;#343434;art_4721
Смартфон ASUS ROG Phone 8 12Gb/256Gb Phantom Black;Asus;Смартфон ASUS ROG Phone 8 12Gb/256Gb Phantom Black;Phantom Black;#555555;art_4720
Смартфон ASUS ROG Phone 8 Pro 24Gb/1Tb Phantom Black;Asus;Смартфон ASUS ROG Phone 8 Pro 24Gb/1Tb Phantom Black;Phantom Black;#555555;art_4719
Смартфон ASUS ROG Phone 8 Pro 16Gb/512Gb Phantom Black;Asus;Смартфон ASUS ROG Phone 8 Pro 16Gb/512Gb Phantom Black;Phantom Black;#555555;art_4718
Смартфон ASUS ROG Phone 9 Pro 24Gb/1Tb Phantom Black;Asus;Смартфон ASUS ROG Phone 9 Pro 24Gb/1Tb Phantom Black;Phantom Black;#555555;art_4717
Смартфон ASUS ROG Phone 9 Pro 16Gb/512Gb Phantom Black;Asus;Смартфон ASUS ROG Phone 9 Pro 16Gb/512Gb Phantom Black;Phantom Black;#555555;art_4716
Смартфон ASUS Zenfone 11 Ultra 16Gb/512Gb Skyline Blue;Asus;Смартфон ASUS Zenfone 11 Ultra 16Gb/512Gb Skyline Blue;Skyline Blue;#0000FF;art_4715
Смартфон ASUS Zenfone 11 Ultra 16Gb/512Gb Misty Gray;Asus;Смартфон ASUS Zenfone 11 Ultra 16Gb/512Gb Misty Gray;Misty Gray;#C0C0C0;art_4714
Смартфон ASUS Zenfone 11 Ultra 16Gb/512Gb Eternal Black;Asus;Смартфон ASUS Zenfone 11 Ultra 16Gb/512Gb Eternal Black;Eternal Black;#000080;art_4713
Смартфон ASUS Zenfone 11 Ultra 16Gb/512Gb Desert Sand;Asus;Смартфон ASUS Zenfone 11 Ultra 16Gb/512Gb Desert Sand;Desert Sand;#EDC9AF;art_4712
Смартфон ASUS Zenfone 11 Ultra 12Gb/256Gb Skyline Blue;Asus;Смартфон ASUS Zenfone 11 Ultra 12Gb/256Gb Skyline Blue;Skyline Blue;#87CEEB;art_4711
Смартфон ASUS Zenfone 11 Ultra 12Gb/256Gb Misty Gray;Asus;Смартфон ASUS Zenfone 11 Ultra 12Gb/256Gb Misty Gray;Misty Gray;#C0C0C0;art_4710
Смартфон ASUS Zenfone 11 Ultra 12Gb/256Gb Eternal Black;Asus;Смартфон ASUS Zenfone 11 Ultra 12Gb/256Gb Eternal Black;Eternal Black;#000080;art_4709
Смартфон ASUS Zenfone 11 Ultra 12Gb/256Gb Desert Sand;Asus;Смартфон ASUS Zenfone 11 Ultra 12Gb/256Gb Desert Sand;Desert Sand;#EDC9AF;art_4708
ASUS Zenfone 12 Ultra 16Gb/512Gb Sakura White;Asus;ASUS Zenfone 12 Ultra 16Gb/512Gb Sakura White;Sakura White;#FFE4E1;art_4707
ASUS Zenfone 12 Ultra 16Gb/512Gb Sage Green;Asus;ASUS Zenfone 12 Ultra 16Gb/512Gb Sage Green;Sage Green;#B2AC88;art_4706
ASUS Zenfone 12 Ultra 16Gb/512Gb Ebony Black;Asus;ASUS Zenfone 12 Ultra 16Gb/512Gb Ebony Black;Ebony Black;#555D50;art_4705
ASUS Zenfone 12 Ultra 12Gb/256Gb Sakura White;Asus;ASUS Zenfone 12 Ultra 12Gb/256Gb Sakura White;Sakura White;#FFE4E1;art_4704
ASUS Zenfone 12 Ultra 12Gb/256Gb Sage Green;Asus;ASUS Zenfone 12 Ultra 12Gb/256Gb Sage Green;Sage Green;#B2AC88;art_4703
ASUS Zenfone 12 Ultra 12Gb/256Gb Ebony Black;Asus;ASUS Zenfone 12 Ultra 12Gb/256Gb Ebony Black;Ebony Black;#555D50;art_4702
Смартфон POCO F6 8Gb/256Gb Titanium;POCO;Смартфон POCO F6 8Gb/256Gb Titanium;Titanium;#B0B0B0;art_4701
Смартфон POCO F6 8Gb/256Gb Green;POCO;Смартфон POCO F6 8Gb/256Gb Green;Green;#008000;art_4700
Смартфон POCO F6 8Gb/256Gb Black;POCO;Смартфон POCO F6 8Gb/256Gb Black;Black;#000000;art_4699
Смартфон POCO F6 12Gb/512Gb Titanium;POCO;Смартфон POCO F6 12Gb/512Gb Titanium;Titanium;#B0B0B0;art_4698
Смартфон POCO F6 12Gb/512Gb Green;POCO;Смартфон POCO F6 12Gb/512Gb Green;Green;#008000;art_4697
Смартфон POCO F6 12Gb/512Gb Black;POCO;Смартфон POCO F6 12Gb/512Gb Black;Black;#000000;art_4696
POCO F7 Ultra 16Gb/512Gb Yellow;POCO;POCO F7 Ultra 16Gb/512Gb Yellow;Yellow;#FFFF00;art_4695
POCO F7 Ultra 16Gb/512Gb Black;POCO;POCO F7 Ultra 16Gb/512Gb Black;Black;#000000;art_4694
POCO F7 Ultra 12Gb/256Gb Yellow;POCO;POCO F7 Ultra 12Gb/256Gb Yellow;Yellow;#FFFF00;art_4693
POCO F7 Ultra 12Gb/256Gb Black;POCO;POCO F7 Ultra 12Gb/256Gb Black;Black;#000000;art_4692
Смартфон POCO X6 8Gb/256Gb White;POCO;Смартфон POCO X6 8Gb/256Gb White;White;#FFFFFF;art_4691
Смартфон POCO X6 8Gb/256Gb Blue;POCO;Смартфон POCO X6 8Gb/256Gb Blue;Blue;#0000FF;art_4690
Смартфон POCO X6 8Gb/256Gb Black;POCO;Смартфон POCO X6 8Gb/256Gb Black;Black;#000000;art_4689
Смартфон POCO X6 12Gb/512Gb White;POCO;Смартфон POCO X6 12Gb/512Gb White;White;#FFFFFF;art_4688
Смартфон POCO X6 12Gb/512Gb Blue;POCO;Смартфон POCO X6 12Gb/512Gb Blue;Blue;#0000FF;art_4687
Смартфон POCO X6 12Gb/512Gb Black;POCO;Смартфон POCO X6 12Gb/512Gb Black;Black;#000000;art_4686
Смартфон POCO X6 12Gb/256Gb White;POCO;Смартфон POCO X6 12Gb/256Gb White;White;#FFFFFF;art_4685
Смартфон POCO X6 12Gb/256Gb Blue;POCO;Смартфон POCO X6 12Gb/256Gb Blue;Blue;#0000FF;art_4684
Смартфон POCO X6 12Gb/256Gb Black;POCO;Смартфон POCO X6 12Gb/256Gb Black;Black;#000000;art_4683
Смартфон POCO X7 5G 8Gb/256Gb Silver;POCO;Смартфон POCO X7 5G 8Gb/256Gb Silver;Silver;#C0C0C0;art_4682
Смартфон POCO X7 5G 8Gb/256Gb Green;POCO;Смартфон POCO X7 5G 8Gb/256Gb Green;Green;#008000;art_4681
Смартфон POCO X7 5G 8Gb/256Gb Black;POCO;Смартфон POCO X7 5G 8Gb/256Gb Black;Black;#000000;art_4680
Смартфон POCO X7 5G 12Gb/512Gb Silver;POCO;Смартфон POCO X7 5G 12Gb/512Gb Silver;Silver;#C0C0C0;art_4679
Смартфон POCO X7 5G 12Gb/512Gb Green;POCO;Смартфон POCO X7 5G 12Gb/512Gb Green;Green;#008000;art_4678
Смартфон POCO X7 5G 12Gb/512Gb Black;POCO;Смартфон POCO X7 5G 12Gb/512Gb Black;Black;#000000;art_4677
Xiaomi Redmi Note 14S 8Gb/256Gb Ocean Blue;Xiaomi;Xiaomi Redmi Note 14S 8Gb/256Gb Ocean Blue;Ocean Blue;#0077BE;art_4676
Xiaomi Redmi Note 14S 8Gb/256Gb Midnight Black;Xiaomi;Xiaomi Redmi Note 14S 8Gb/256Gb Midnight Black;Midnight Black;#191970;art_4675
Xiaomi Redmi Note 14S 8Gb/256Gb Aurora Purple;Xiaomi;Xiaomi Redmi Note 14S 8Gb/256Gb Aurora Purple;Aurora Purple;#9966CC;art_4674
Xiaomi Redmi Note 14S 8Gb/128Gb Ocean Blue;Xiaomi;Xiaomi Redmi Note 14S 8Gb/128Gb Ocean Blue;Ocean Blue;#0077BE;art_4673
Xiaomi Redmi Note 14S 8Gb/128Gb Midnight Black;Xiaomi;Xiaomi Redmi Note 14S 8Gb/128Gb Midnight Black;Midnight Black;#191970;art_4672
Xiaomi Redmi Note 14S 8Gb/128Gb Aurora Purple;Xiaomi;Xiaomi Redmi Note 14S 8Gb/128Gb Aurora Purple;Aurora Purple;#9966CC;art_4671
Xiaomi Redmi Note 14S 12Gb/512Gb Ocean Blue;Xiaomi;Xiaomi Redmi Note 14S 12Gb/512Gb Ocean Blue;Ocean Blue;#0077BE;art_4670
Xiaomi Redmi Note 14S 12Gb/512Gb Midnight Black;Xiaomi;Xiaomi Redmi Note 14S 12Gb/512Gb Midnight Black;Midnight Black;#191970;art_4669
Xiaomi Redmi Note 14S 12Gb/512Gb Aurora Purple;Xiaomi;Xiaomi Redmi Note 14S 12Gb/512Gb Aurora Purple;Aurora Purple;#9966CC;art_4668
Смартфон Xiaomi Redmi Note 14 4G 8Gb/256Gb Ocean Blue;Xiaomi;Смартфон Xiaomi Redmi Note 14 4G 8Gb/256Gb Ocean Blue;Ocean Blue;#0077BE;art_4667
Смартфон Xiaomi Redmi Note 14 4G 8Gb/256Gb Mist Purple;Xiaomi;Смартфон Xiaomi Redmi Note 14 4G 8Gb/256Gb Mist Purple;Mist Purple;#F5FFFA;art_4666
Смартфон Xiaomi Redmi Note 14 4G 8Gb/256Gb Midnight Black;Xiaomi;Смартфон Xiaomi Redmi Note 14 4G 8Gb/256Gb Midnight Black;Midnight Black;#191970;art_4665
Смартфон Xiaomi Redmi Note 14 4G 8Gb/256Gb Lime Green;Xiaomi;Смартфон Xiaomi Redmi Note 14 4G 8Gb/256Gb Lime Green;Lime Green;#32CD32;art_4664
Смартфон Xiaomi Redmi Note 14 4G 8Gb/128Gb Ocean Blue;Xiaomi;Смартфон Xiaomi Redmi Note 14 4G 8Gb/128Gb Ocean Blue;Ocean Blue;#0077BE;art_4663
Смартфон Xiaomi Redmi Note 14 4G 8Gb/128Gb Mist Purple;Xiaomi;Смартфон Xiaomi Redmi Note 14 4G 8Gb/128Gb Mist Purple;Mist Purple;#F5FFFA;art_4662
Смартфон Xiaomi Redmi Note 14 4G 8Gb/128Gb Midnight Black;Xiaomi;Смартфон Xiaomi Redmi Note 14 4G 8Gb/128Gb Midnight Black;Midnight Black;#191970;art_4661
Смартфон Xiaomi Redmi Note 14 4G 8Gb/128Gb Lime Green;Xiaomi;Смартфон Xiaomi Redmi Note 14 4G 8Gb/128Gb Lime Green;Lime Green;#32CD32;art_4660
Смартфон Xiaomi Redmi Note 14 4G 6Gb/128Gb Ocean Blue;Xiaomi;Смартфон Xiaomi Redmi Note 14 4G 6Gb/128Gb Ocean Blue;Ocean Blue;#0077BE;art_4659
Смартфон Xiaomi Redmi Note 14 4G 6Gb/128Gb Mist Purple;Xiaomi;Смартфон Xiaomi Redmi Note 14 4G 6Gb/128Gb Mist Purple;Mist Purple;#F5FFFA;art_4658
Смартфон Xiaomi Redmi Note 14 4G 6Gb/128Gb Midnight Black;Xiaomi;Смартфон Xiaomi Redmi Note 14 4G 6Gb/128Gb Midnight Black;Midnight Black;#191970;art_4657
Смартфон Xiaomi Redmi Note 14 4G 6Gb/128Gb Lime Green;Xiaomi;Смартфон Xiaomi Redmi Note 14 4G 6Gb/128Gb Lime Green;Lime Green;#32CD32;art_4656
Смартфон Xiaomi Redmi Note 14 Pro 4G 8Gb/256Gb Sand Gold;Xiaomi;Смартфон Xiaomi Redmi Note 14 Pro 4G 8Gb/256Gb Sand Gold;Sand Gold;#F5DEB3;art_4655
Смартфон Xiaomi Redmi Note 14 Pro 4G 8Gb/256Gb Ocean Blue;Xiaomi;Смартфон Xiaomi Redmi Note 14 Pro 4G 8Gb/256Gb Ocean Blue;Ocean Blue;#0077BE;art_4654
Смартфон Xiaomi Redmi Note 14 Pro 4G 8Gb/256Gb Midnight Black;Xiaomi;Смартфон Xiaomi Redmi Note 14 Pro 4G 8Gb/256Gb Midnight Black;Midnight Black;#191970;art_4653
Смартфон Xiaomi Redmi Note 14 Pro 4G 8Gb/256Gb Aurora Purple;Xiaomi;Смартфон Xiaomi Redmi Note 14 Pro 4G 8Gb/256Gb Aurora Purple;Aurora Purple;#9966CC;art_4652
Смартфон Xiaomi Redmi Note 14 Pro 4G 8Gb/128Gb Sand Gold;Xiaomi;Смартфон Xiaomi Redmi Note 14 Pro 4G 8Gb/128Gb Sand Gold;Sand Gold;#F5DEB3;art_4651
Смартфон Xiaomi Redmi Note 14 Pro 4G 8Gb/128Gb Ocean Blue;Xiaomi;Смартфон Xiaomi Redmi Note 14 Pro 4G 8Gb/128Gb Ocean Blue;Ocean Blue;#0077BE;art_4650
Смартфон Xiaomi Redmi Note 14 Pro 4G 8Gb/128Gb Midnight Black;Xiaomi;Смартфон Xiaomi Redmi Note 14 Pro 4G 8Gb/128Gb Midnight Black;Midnight Black;#191970;art_4649
Смартфон Xiaomi Redmi Note 14 Pro 4G 8Gb/128Gb Aurora Purple;Xiaomi;Смартфон Xiaomi Redmi Note 14 Pro 4G 8Gb/128Gb Aurora Purple;Aurora Purple;#9966CC;art_4648
Смартфон Xiaomi Redmi Note 14 Pro 4G 12Gb/512Gb Sand Gold;Xiaomi;Смартфон Xiaomi Redmi Note 14 Pro 4G 12Gb/512Gb Sand Gold;Sand Gold;#F5DEB3;art_4647
Смартфон Xiaomi Redmi Note 14 Pro 4G 12Gb/512Gb Ocean Blue;Xiaomi;Смартфон Xiaomi Redmi Note 14 Pro 4G 12Gb/512Gb Ocean Blue;Ocean Blue;#0077BE;art_4646
Смартфон Xiaomi Redmi Note 14 Pro 4G 12Gb/512Gb Midnight Black;Xiaomi;Смартфон Xiaomi Redmi Note 14 Pro 4G 12Gb/512Gb Midnight Black;Midnight Black;#191970;art_4645
Смартфон Xiaomi Redmi Note 14 Pro 4G 12Gb/512Gb Aurora Purple;Xiaomi;Смартфон Xiaomi Redmi Note 14 Pro 4G 12Gb/512Gb Aurora Purple;Aurora Purple;#9966CC;art_4644
Смартфон Xiaomi Redmi Note 14 Pro 4G 12Gb/256Gb Sand Gold;Xiaomi;Смартфон Xiaomi Redmi Note 14 Pro 4G 12Gb/256Gb Sand Gold;Sand Gold;#F5DEB3;art_4643
Смартфон Xiaomi Redmi Note 14 Pro 4G 12Gb/256Gb Ocean Blue;Xiaomi;Смартфон Xiaomi Redmi Note 14 Pro 4G 12Gb/256Gb Ocean Blue;Ocean Blue;#0077BE;art_4642
Смартфон Xiaomi Redmi Note 14 Pro 4G 12Gb/256Gb Midnight Black;Xiaomi;Смартфон Xiaomi Redmi Note 14 Pro 4G 12Gb/256Gb Midnight Black;Midnight Black;#191970;art_4641
Смартфон Xiaomi Redmi Note 14 Pro 4G 12Gb/256Gb Aurora Purple;Xiaomi;Смартфон Xiaomi Redmi Note 14 Pro 4G 12Gb/256Gb Aurora Purple;Aurora Purple;#9966CC;art_4640
Xiaomi Redmi Note 14 5G 8Gb/256Gb Midnight Black;Xiaomi;Xiaomi Redmi Note 14 5G 8Gb/256Gb Midnight Black;Midnight Black;#191970;art_4639
Xiaomi Redmi Note 14 5G 8Gb/256Gb Lavender Purple;Xiaomi;Xiaomi Redmi Note 14 5G 8Gb/256Gb Lavender Purple;Lavender Purple;#E6E6FA;art_4638
Xiaomi Redmi Note 14 5G 8Gb/256Gb Coral Green;Xiaomi;Xiaomi Redmi Note 14 5G 8Gb/256Gb Coral Green;Coral Green;#FF7F50;art_4637
Смартфон Xiaomi Redmi Note 14 Pro 5G 8Gb/256Gb Midnight Black;Xiaomi;Смартфон Xiaomi Redmi Note 14 Pro 5G 8Gb/256Gb Midnight Black;Midnight Black;#191970;art_4636
Смартфон Xiaomi Redmi Note 14 Pro 5G 8Gb/256Gb Lavender Purple;Xiaomi;Смартфон Xiaomi Redmi Note 14 Pro 5G 8Gb/256Gb Lavender Purple;Lavender Purple;#E6E6FA;art_4635
Смартфон Xiaomi Redmi Note 14 Pro 5G 8Gb/256Gb Coral Green;Xiaomi;Смартфон Xiaomi Redmi Note 14 Pro 5G 8Gb/256Gb Coral Green;Coral Green;#FF7F50;art_4634
Смартфон Xiaomi Redmi Note 14 Pro 5G 12Gb/512Gb Midnight Black;Xiaomi;Смартфон Xiaomi Redmi Note 14 Pro 5G 12Gb/512Gb Midnight Black;Midnight Black;#191970;art_4633
Смартфон Xiaomi Redmi Note 14 Pro 5G 12Gb/512Gb Lavender Purple;Xiaomi;Смартфон Xiaomi Redmi Note 14 Pro 5G 12Gb/512Gb Lavender Purple;Lavender Purple;#E6E6FA;art_4632
Смартфон Xiaomi Redmi Note 14 Pro 5G 12Gb/512Gb Coral Green;Xiaomi;Смартфон Xiaomi Redmi Note 14 Pro 5G 12Gb/512Gb Coral Green;Coral Green;#FF7F50;art_4631
Смартфон Xiaomi Redmi Note 14 Pro 5G 12Gb/256Gb Midnight Black;Xiaomi;Смартфон Xiaomi Redmi Note 14 Pro 5G 12Gb/256Gb Midnight Black;Midnight Black;#191970;art_4630
Смартфон Xiaomi Redmi Note 14 Pro 5G 12Gb/256Gb Lavender Purple;Xiaomi;Смартфон Xiaomi Redmi Note 14 Pro 5G 12Gb/256Gb Lavender Purple;Lavender Purple;#E6E6FA;art_4629
Смартфон Xiaomi Redmi Note 14 Pro 5G 12Gb/256Gb Coral Green;Xiaomi;Смартфон Xiaomi Redmi Note 14 Pro 5G 12Gb/256Gb Coral Green;Coral Green;#FF7F50;art_4628
Смартфон Xiaomi Redmi Note 14 Pro+ 5G 8Gb/256Gb Sand Gold;Xiaomi;Смартфон Xiaomi Redmi Note 14 Pro+ 5G 8Gb/256Gb Sand Gold;Sand Gold;#F5DEB3;art_4627
Смартфон Xiaomi Redmi Note 14 Pro+ 5G 8Gb/256Gb Midnight Black;Xiaomi;Смартфон Xiaomi Redmi Note 14 Pro+ 5G 8Gb/256Gb Midnight Black;Midnight Black;#191970;art_4626
Смартфон Xiaomi Redmi Note 14 Pro+ 5G 8Gb/256Gb Lavender Purple;Xiaomi;Смартфон Xiaomi Redmi Note 14 Pro+ 5G 8Gb/256Gb Lavender Purple;Lavender Purple;#E6E6FA;art_4625
Смартфон Xiaomi Redmi Note 14 Pro+ 5G 8Gb/256Gb Frost Blue;Xiaomi;Смартфон Xiaomi Redmi Note 14 Pro+ 5G 8Gb/256Gb Frost Blue;Frost Blue;#E0FFFF;art_4624
Смартфон Xiaomi Redmi Note 14 Pro+ 5G 12Gb/512Gb Sand Gold;Xiaomi;Смартфон Xiaomi Redmi Note 14 Pro+ 5G 12Gb/512Gb Sand Gold;Sand Gold;#F5DEB3;art_4623
Смартфон Xiaomi Redmi Note 14 Pro+ 5G 12Gb/512Gb Midnight Black;Xiaomi;Смартфон Xiaomi Redmi Note 14 Pro+ 5G 12Gb/512Gb Midnight Black;Midnight Black;#191970;art_4622
Смартфон Xiaomi Redmi Note 14 Pro+ 5G 12Gb/512Gb Lavender Purple;Xiaomi;Смартфон Xiaomi Redmi Note 14 Pro+ 5G 12Gb/512Gb Lavender Purple;Lavender Purple;#E6E6FA;art_4621
Смартфон Xiaomi Redmi Note 14 Pro+ 5G 12Gb/512Gb Frost Blue;Xiaomi;Смартфон Xiaomi Redmi Note 14 Pro+ 5G 12Gb/512Gb Frost Blue;Frost Blue;#E0FFFF;art_4620
Смартфон Xiaomi Redmi Note 14 Pro+ 5G 12Gb/256Gb Sand Gold;Xiaomi;Смартфон Xiaomi Redmi Note 14 Pro+ 5G 12Gb/256Gb Sand Gold;Sand Gold;#F5DEB3;art_4619
Смартфон Xiaomi MIX Flip 16Gb/1Tb White;Xiaomi;Смартфон Xiaomi MIX Flip 16Gb/1Tb White;White;#FFFFFF;art_4618
Смартфон Xiaomi MIX Flip 16Gb/1Tb Purple;Xiaomi;Смартфон Xiaomi MIX Flip 16Gb/1Tb Purple;Purple;#800080;art_4617
Смартфон Xiaomi MIX Flip 16Gb/1Tb Nylon Fiber;Xiaomi;Смартфон Xiaomi MIX Flip 16Gb/1Tb Nylon Fiber;Nylon Fiber;#EEEEEE;art_4616
Смартфон Xiaomi MIX Flip 16Gb/1Tb Black;Xiaomi;Смартфон Xiaomi MIX Flip 16Gb/1Tb Black;Black;#000000;art_4615
Смартфон Xiaomi MIX Flip 12GB/512GB White;Xiaomi;Смартфон Xiaomi MIX Flip 12GB/512GB White;White;#FFFFFF;art_4614
Смартфон Xiaomi MIX Flip 12GB/512GB Purple;Xiaomi;Смартфон Xiaomi MIX Flip 12GB/512GB Purple;Purple;#800080;art_4613
Смартфон Xiaomi MIX Flip 12GB/512GB Nylon Fiber;Xiaomi;Смартфон Xiaomi MIX Flip 12GB/512GB Nylon Fiber;Nylon Fiber;#EEEEEE;art_4612
Смартфон Xiaomi MIX Flip 12GB/512GB Black;Xiaomi;Смартфон Xiaomi MIX Flip 12GB/512GB Black;Black;#000000;art_4611
Смартфон Xiaomi MIX Flip 12GB/256GB White;Xiaomi;Смартфон Xiaomi MIX Flip 12GB/256GB White;White;#FFFFFF;art_4610
Смартфон Xiaomi MIX Flip 12GB/256GB Purple;Xiaomi;Смартфон Xiaomi MIX Flip 12GB/256GB Purple;Purple;#800080;art_4609
Смартфон Xiaomi MIX Flip 12GB/256GB Nylon Fiber;Xiaomi;Смартфон Xiaomi MIX Flip 12GB/256GB Nylon Fiber;Nylon Fiber;#EEEEEE;art_4608
Смартфон Xiaomi MIX Flip 12GB/256GB Black;Xiaomi;Смартфон Xiaomi MIX Flip 12GB/256GB Black;Black;#000000;art_4607
Смартфон Xiaomi Redmi Note 14 Pro+ 5G 12Gb/256Gb Midnight Black;Xiaomi;Смартфон Xiaomi Redmi Note 14 Pro+ 5G 12Gb/256Gb Midnight Black;Midnight Black;#191970;art_4606
Смартфон Xiaomi Redmi Note 14 Pro+ 5G 12Gb/256Gb Lavender Purple;Xiaomi;Смартфон Xiaomi Redmi Note 14 Pro+ 5G 12Gb/256Gb Lavender Purple;Lavender Purple;#E6E6FA;art_4605
Смартфон Xiaomi Redmi Note 14 Pro+ 5G 12Gb/256Gb Frost Blue;Xiaomi;Смартфон Xiaomi Redmi Note 14 Pro+ 5G 12Gb/256Gb Frost Blue;Frost Blue;#E0FFFF;art_4604
Смартфон POCO X7 Pro 5G 8Gb/256Gb Yellow;POCO;Смартфон POCO X7 Pro 5G 8Gb/256Gb Yellow;Yellow;#FFFF00;art_4603
Смартфон POCO X7 Pro 5G 8Gb/256Gb Green;POCO;Смартфон POCO X7 Pro 5G 8Gb/256Gb Green;Green;#008000;art_4602
Смартфон POCO X7 Pro 5G 8Gb/256Gb Black;POCO;Смартфон POCO X7 Pro 5G 8Gb/256Gb Black;Black;#000000;art_4601
Смартфон POCO X7 Pro 5G 12Gb/512Gb Yellow;POCO;Смартфон POCO X7 Pro 5G 12Gb/512Gb Yellow;Yellow;#FFFF00;art_4600
Смартфон POCO X7 Pro 5G 12Gb/512Gb Green;POCO;Смартфон POCO X7 Pro 5G 12Gb/512Gb Green;Green;#008000;art_4599
Смартфон POCO X7 Pro 5G 12Gb/512Gb Black;POCO;Смартфон POCO X7 Pro 5G 12Gb/512Gb Black;Black;#000000;art_4598
Смартфон POCO X7 Pro 5G 12Gb/256Gb Yellow;POCO;Смартфон POCO X7 Pro 5G 12Gb/256Gb Yellow;Yellow;#FFFF00;art_4597
Смартфон POCO X7 Pro 5G 12Gb/256Gb Green;POCO;Смартфон POCO X7 Pro 5G 12Gb/256Gb Green;Green;#008000;art_4596
Смартфон POCO X7 Pro 5G 12Gb/256Gb Black;POCO;Смартфон POCO X7 Pro 5G 12Gb/256Gb Black;Black;#000000;art_4595
Смартфон POCO X6 Pro 8Gb/256Gb Yellow;POCO;Смартфон POCO X6 Pro 8Gb/256Gb Yellow;Yellow;#FFFF00;art_4594
Смартфон POCO X6 Pro 8Gb/256Gb Gray;POCO;Смартфон POCO X6 Pro 8Gb/256Gb Gray;Gray;#808080;art_4593
Смартфон POCO X6 Pro 8Gb/256Gb Black;POCO;Смартфон POCO X6 Pro 8Gb/256Gb Black;Black;#000000;art_4592
Смартфон POCO X6 Pro 12Gb/512Gb Yellow;POCO;Смартфон POCO X6 Pro 12Gb/512Gb Yellow;Yellow;#FFFF00;art_4591
Смартфон POCO X6 Pro 12Gb/512Gb Gray;POCO;Смартфон POCO X6 Pro 12Gb/512Gb Gray;Gray;#808080;art_4590
Смартфон POCO X6 Pro 12Gb/512Gb Black;POCO;Смартфон POCO X6 Pro 12Gb/512Gb Black;Black;#000000;art_4589
Смартфон POCO F6 Pro 16Gb/1Tb White;POCO;Смартфон POCO F6 Pro 16Gb/1Tb White;White;#FFFFFF;art_4588
Смартфон POCO F6 Pro 16Gb/1Tb Black;POCO;Смартфон POCO F6 Pro 16Gb/1Tb Black;Black;#000000;art_4587
Смартфон POCO F6 Pro 12Gb/512Gb White;POCO;Смартфон POCO F6 Pro 12Gb/512Gb White;White;#FFFFFF;art_4586
Смартфон POCO F6 Pro 12Gb/512Gb Black;POCO;Смартфон POCO F6 Pro 12Gb/512Gb Black;Black;#000000;art_4585
Смартфон POCO F6 Pro 12Gb/256Gb White;POCO;Смартфон POCO F6 Pro 12Gb/256Gb White;White;#FFFFFF;art_4584
Смартфон POCO F6 Pro 12Gb/256Gb Black;POCO;Смартфон POCO F6 Pro 12Gb/256Gb Black;Black;#000000;art_4583
POCO M7 Pro 5G 8Gb/256Gb Silver;POCO;POCO M7 Pro 5G 8Gb/256Gb Silver;Silver;#C0C0C0;art_4582
POCO M7 Pro 5G 8Gb/256Gb Purple;POCO;POCO M7 Pro 5G 8Gb/256Gb Purple;Purple;#800080;art_4581
POCO M7 Pro 5G 8Gb/256Gb Green;POCO;POCO M7 Pro 5G 8Gb/256Gb Green;Green;#008000;art_4580
POCO M7 Pro 5G 12Gb/256Gb Silver;POCO;POCO M7 Pro 5G 12Gb/256Gb Silver;Silver;#C0C0C0;art_4579
POCO M7 Pro 5G 12Gb/256Gb Purple;POCO;POCO M7 Pro 5G 12Gb/256Gb Purple;Purple;#800080;art_4578
POCO M7 Pro 5G 12Gb/256Gb Green;POCO;POCO M7 Pro 5G 12Gb/256Gb Green;Green;#008000;art_4577
POCO F7 Pro 12Gb/512Gb Silver;POCO;POCO F7 Pro 12Gb/512Gb Silver;Silver;#C0C0C0;art_4576
POCO F7 Pro 12Gb/512Gb Blue;POCO;POCO F7 Pro 12Gb/512Gb Blue;Blue;#0000FF;art_4575
POCO F7 Pro 12Gb/512Gb Black;POCO;POCO F7 Pro 12Gb/512Gb Black;Black;#000000;art_4574
POCO F7 Pro 12Gb/256Gb Silver;POCO;POCO F7 Pro 12Gb/256Gb Silver;Silver;#C0C0C0;art_4573
POCO F7 Pro 12Gb/256Gb Blue;POCO;POCO F7 Pro 12Gb/256Gb Blue;Blue;#0000FF;art_4572
POCO F7 Pro 12Gb/256Gb Black;POCO;POCO F7 Pro 12Gb/256Gb Black;Black;#000000;art_4571
Смартфон Xiaomi 14T Pro 12Gb/512Gb Titan Gray;Xiaomi;Смартфон Xiaomi 14T Pro 12Gb/512Gb Titan Gray;Titan Gray;#B0B0B0;art_4570
Смартфон Xiaomi 14T Pro 12Gb/512Gb Titan Blue;Xiaomi;Смартфон Xiaomi 14T Pro 12Gb/512Gb Titan Blue;Titan Blue;#B0B0B0;art_4569
Смартфон Xiaomi 14T Pro 12Gb/512Gb Titan Black;Xiaomi;Смартфон Xiaomi 14T Pro 12Gb/512Gb Titan Black;Titan Black;#B0B0B0;art_4568
Смартфон Xiaomi 14T Pro 12Gb/256Gb Titan Gray;Xiaomi;Смартфон Xiaomi 14T Pro 12Gb/256Gb Titan Gray;Titan Gray;#B0B0B0;art_4567
Смартфон Xiaomi 14T Pro 12Gb/256Gb Titan Blue;Xiaomi;Смартфон Xiaomi 14T Pro 12Gb/256Gb Titan Blue;Titan Blue;#B0B0B0;art_4566
Смартфон Xiaomi 14T Pro 12Gb/256Gb Titan Black;Xiaomi;Смартфон Xiaomi 14T Pro 12Gb/256Gb Titan Black;Titan Black;#B0B0B0;art_4565
Смартфон Xiaomi 14T Pro 12Gb/1Tb Titan Gray;Xiaomi;Смартфон Xiaomi 14T Pro 12Gb/1Tb Titan Gray;Titan Gray;#B0B0B0;art_4564
Смартфон Xiaomi 14T Pro 12Gb/1Tb Titan Blue;Xiaomi;Смартфон Xiaomi 14T Pro 12Gb/1Tb Titan Blue;Titan Blue;#B0B0B0;art_4563
Смартфон Xiaomi 14T Pro 12Gb/1Tb Titan Black;Xiaomi;Смартфон Xiaomi 14T Pro 12Gb/1Tb Titan Black;Titan Black;#B0B0B0;art_4562
Смартфон Xiaomi 14T 12Gb/512Gb Titan Gray;Xiaomi;Смартфон Xiaomi 14T 12Gb/512Gb Titan Gray;Titan Gray;#B0B0B0;art_4561
Смартфон Xiaomi 14T 12Gb/512Gb Titan Blue;Xiaomi;Смартфон Xiaomi 14T 12Gb/512Gb Titan Blue;Titan Blue;#B0B0B0;art_4560
Смартфон Xiaomi 14T 12Gb/512Gb Titan Black;Xiaomi;Смартфон Xiaomi 14T 12Gb/512Gb Titan Black;Titan Black;#B0B0B0;art_4559
Смартфон Xiaomi 14T 12Gb/512Gb Lemon Green;Xiaomi;Смартфон Xiaomi 14T 12Gb/512Gb Lemon Green;Lemon Green;#32CD32;art_4558
Смартфон Xiaomi 14T 12Gb/256Gb Titan Gray;Xiaomi;Смартфон Xiaomi 14T 12Gb/256Gb Titan Gray;Titan Gray;#B0B0B0;art_4557
Смартфон Xiaomi 14T 12Gb/256Gb Titan Blue;Xiaomi;Смартфон Xiaomi 14T 12Gb/256Gb Titan Blue;Titan Blue;#B0B0B0;art_4556
Смартфон Xiaomi 14T 12Gb/256Gb Titan Black;Xiaomi;Смартфон Xiaomi 14T 12Gb/256Gb Titan Black;Titan Black;#B0B0B0;art_4555
Смартфон Xiaomi 14T 12Gb/256Gb Lemon Green;Xiaomi;Смартфон Xiaomi 14T 12Gb/256Gb Lemon Green;Lemon Green;#32CD32;art_4554
Xiaomi 15T 12Gb/512Gb Rose Gold;Xiaomi;Xiaomi 15T 12Gb/512Gb Rose Gold;Rose Gold;#FF007F;art_4553
Xiaomi 15T 12Gb/512Gb Gray;Xiaomi;Xiaomi 15T 12Gb/512Gb Gray;Gray;#808080;art_4552
Xiaomi 15T 12Gb/512Gb Black;Xiaomi;Xiaomi 15T 12Gb/512Gb Black;Black;#000000;art_4551
Xiaomi 15T 12Gb/256Gb Rose Gold;Xiaomi;Xiaomi 15T 12Gb/256Gb Rose Gold;Rose Gold;#FF007F;art_4550
Xiaomi 15T 12Gb/256Gb Gray;Xiaomi;Xiaomi 15T 12Gb/256Gb Gray;Gray;#808080;art_4549
Xiaomi 15T 12Gb/256Gb Black;Xiaomi;Xiaomi 15T 12Gb/256Gb Black;Black;#000000;art_4548
Xiaomi 15 12Gb/512Gb White;Xiaomi;Xiaomi 15 12Gb/512Gb White;White;#FFFFFF;art_4547
Xiaomi 15 12Gb/512Gb Liquid Silver;Xiaomi;Xiaomi 15 12Gb/512Gb Liquid Silver;Liquid Silver;#B0E0E6;art_4546
Xiaomi 15 12Gb/512Gb Green;Xiaomi;Xiaomi 15 12Gb/512Gb Green;Green;#008000;art_4545
Xiaomi 15 12Gb/512Gb Black;Xiaomi;Xiaomi 15 12Gb/512Gb Black;Black;#000000;art_4544
Xiaomi 15 12Gb/256Gb White;Xiaomi;Xiaomi 15 12Gb/256Gb White;White;#FFFFFF;art_4543
Xiaomi 15 12Gb/256Gb Liquid Silver;Xiaomi;Xiaomi 15 12Gb/256Gb Liquid Silver;Liquid Silver;#B0E0E6;art_4542
Xiaomi 15 12Gb/256Gb Green;Xiaomi;Xiaomi 15 12Gb/256Gb Green;Green;#008000;art_4541
Xiaomi 15 12Gb/256Gb Black;Xiaomi;Xiaomi 15 12Gb/256Gb Black;Black;#000000;art_4540
Xiaomi 15T Pro 12Gb/512Gb Mocha Gold;Xiaomi;Xiaomi 15T Pro 12Gb/512Gb Mocha Gold;Mocha Gold;#967969;art_4539
Xiaomi 15T Pro 12Gb/512Gb Gray;Xiaomi;Xiaomi 15T Pro 12Gb/512Gb Gray;Gray;#808080;art_4538
Xiaomi 15T Pro 12Gb/512Gb Black;Xiaomi;Xiaomi 15T Pro 12Gb/512Gb Black;Black;#000000;art_4537
Xiaomi 15T Pro 12Gb/256Gb Mocha Gold;Xiaomi;Xiaomi 15T Pro 12Gb/256Gb Mocha Gold;Mocha Gold;#967969;art_4536
Xiaomi 15T Pro 12Gb/256Gb Gray;Xiaomi;Xiaomi 15T Pro 12Gb/256Gb Gray;Gray;#808080;art_4535
Xiaomi 15T Pro 12Gb/256Gb Black;Xiaomi;Xiaomi 15T Pro 12Gb/256Gb Black;Black;#000000;art_4534
Xiaomi 15T Pro 12Gb/1Tb Mocha Gold;Xiaomi;Xiaomi 15T Pro 12Gb/1Tb Mocha Gold;Mocha Gold;#967969;art_4533
Xiaomi 15T Pro 12Gb/1Tb Gray;Xiaomi;Xiaomi 15T Pro 12Gb/1Tb Gray;Gray;#808080;art_4532
Xiaomi 15T Pro 12Gb/1Tb Black;Xiaomi;Xiaomi 15T Pro 12Gb/1Tb Black;Black;#000000;art_4531
Xiaomi 15 Ultra 16Gb/512Gb White;Xiaomi;Xiaomi 15 Ultra 16Gb/512Gb White;White;#FFFFFF;art_4530
Xiaomi 15 Ultra 16Gb/512Gb Silver Chrome;Xiaomi;Xiaomi 15 Ultra 16Gb/512Gb Silver Chrome;Silver Chrome;#C0C0C0;art_4529
Xiaomi 15 Ultra 16Gb/512Gb Black;Xiaomi;Xiaomi 15 Ultra 16Gb/512Gb Black;Black;#000000;art_4528
Xiaomi 15 Ultra 16Gb/1Tb White;Xiaomi;Xiaomi 15 Ultra 16Gb/1Tb White;White;#FFFFFF;art_4527
Xiaomi 15 Ultra 16Gb/1Tb Silver Chrome;Xiaomi;Xiaomi 15 Ultra 16Gb/1Tb Silver Chrome;Silver Chrome;#C0C0C0;art_4526
Xiaomi 15 Ultra 16Gb/1Tb Black;Xiaomi;Xiaomi 15 Ultra 16Gb/1Tb Black;Black;#000000;art_4525
Смартфон Samsung Galaxy Z Flip6 12Gb/512Gb Yellow;Samsung;Смартфон Samsung Galaxy Z Flip6 12Gb/512Gb Yellow;Yellow;#ffff00;
Смартфон Samsung Galaxy Z Flip6 12Gb/512Gb White;Samsung;Смартфон Samsung Galaxy Z Flip6 12Gb/512Gb White;White;#FFFFFF;art_4523
Смартфон Samsung Galaxy Z Flip6 12Gb/512Gb Silver Shadow;Samsung;Смартфон Samsung Galaxy Z Flip6 12Gb/512Gb Silver Shadow;Silver Shadow;#C0C0C0;art_4522
Смартфон Samsung Galaxy Z Flip6 12Gb/512Gb Peach;Samsung;Смартфон Samsung Galaxy Z Flip6 12Gb/512Gb Peach;Peach;#FFE5B4;art_4521
Смартфон Samsung Galaxy Z Flip6 12Gb/512Gb Mint;Samsung;Смартфон Samsung Galaxy Z Flip6 12Gb/512Gb Mint;Mint;#98FF98;art_4520
Смартфон Samsung Galaxy Z Flip6 12Gb/512Gb Blue;Samsung;Смартфон Samsung Galaxy Z Flip6 12Gb/512Gb Blue;Blue;#0000FF;art_4519
Смартфон Samsung Galaxy Z Flip6 12Gb/512Gb Black;Samsung;Смартфон Samsung Galaxy Z Flip6 12Gb/512Gb Black;Black;#000000;art_4518
Смартфон Samsung Galaxy Z Flip6 12Gb/256Gb Yellow;Samsung;Смартфон Samsung Galaxy Z Flip6 12Gb/256Gb Yellow;Yellow;#FFFF00;art_4517
Смартфон Samsung Galaxy Z Flip6 12Gb/256Gb White;Samsung;Смартфон Samsung Galaxy Z Flip6 12Gb/256Gb White;White;#FFFFFF;art_4516
Смартфон Samsung Galaxy Z Flip6 12Gb/256Gb Silver Shadow;Samsung;Смартфон Samsung Galaxy Z Flip6 12Gb/256Gb Silver Shadow;Silver Shadow;#C0C0C0;art_4515
Смартфон Samsung Galaxy Z Flip6 12Gb/256Gb Peach;Samsung;Смартфон Samsung Galaxy Z Flip6 12Gb/256Gb Peach;Peach;#FFE5B4;art_4514
Смартфон Samsung Galaxy Z Flip6 12Gb/256Gb Mint;Samsung;Смартфон Samsung Galaxy Z Flip6 12Gb/256Gb Mint;Mint;#98FF98;art_4513
Смартфон Samsung Galaxy Z Flip6 12Gb/256Gb Blue;Samsung;Смартфон Samsung Galaxy Z Flip6 12Gb/256Gb Blue;Blue;#0000FF;art_4512
Смартфон Samsung Galaxy Z Flip6 12Gb/256Gb Black;Samsung;Смартфон Samsung Galaxy Z Flip6 12Gb/256Gb Black;Black;#000000;art_4511
Смартфон Samsung Galaxy Z Fold6 12Gb/512Gb White;Samsung;Смартфон Samsung Galaxy Z Fold6 12Gb/512Gb White;White;#FFFFFF;art_4510
Смартфон Samsung Galaxy Z Fold6 12Gb/512Gb Silver Shadow;Samsung;Смартфон Samsung Galaxy Z Fold6 12Gb/512Gb Silver Shadow;Silver Shadow;#C0C0C0;art_4509
Смартфон Samsung Galaxy Z Fold6 12Gb/512Gb Pink;Samsung;Смартфон Samsung Galaxy Z Fold6 12Gb/512Gb Pink;Pink;#FFC0CB;art_4508
Смартфон Samsung Galaxy Z Fold6 12Gb/512Gb Navy;Samsung;Смартфон Samsung Galaxy Z Fold6 12Gb/512Gb Navy;Navy;#000080;art_4507
Смартфон Samsung Galaxy Z Fold6 12Gb/512Gb Crafted Black;Samsung;Смартфон Samsung Galaxy Z Fold6 12Gb/512Gb Crafted Black;Crafted Black;#D2B48C;art_4506
Смартфон Samsung Galaxy Z Fold6 12Gb/256Gb White;Samsung;Смартфон Samsung Galaxy Z Fold6 12Gb/256Gb White;White;#FFFFFF;art_4505
Смартфон Samsung Galaxy Z Fold6 12Gb/256Gb Silver Shadow;Samsung;Смартфон Samsung Galaxy Z Fold6 12Gb/256Gb Silver Shadow;Silver Shadow;#C0C0C0;art_4504
Смартфон Samsung Galaxy Z Fold6 12Gb/256Gb Pink;Samsung;Смартфон Samsung Galaxy Z Fold6 12Gb/256Gb Pink;Pink;#FFC0CB;art_4503
Смартфон Samsung Galaxy Z Fold6 12Gb/256Gb Navy;Samsung;Смартфон Samsung Galaxy Z Fold6 12Gb/256Gb Navy;Navy;#000080;art_4502
Смартфон Samsung Galaxy Z Fold6 12Gb/256Gb Crafted Black;Samsung;Смартфон Samsung Galaxy Z Fold6 12Gb/256Gb Crafted Black;Crafted Black;#D2B48C;art_4501
Смартфон Samsung Galaxy Z Fold6 12Gb/1Tb White;Samsung;Смартфон Samsung Galaxy Z Fold6 12Gb/1Tb White;White;#FFFFFF;art_4500
Смартфон Samsung Galaxy Z Fold6 12Gb/1Tb Silver Shadow;Samsung;Смартфон Samsung Galaxy Z Fold6 12Gb/1Tb Silver Shadow;Silver Shadow;#C0C0C0;art_4499
Смартфон Samsung Galaxy Z Fold6 12Gb/1Tb Pink;Samsung;Смартфон Samsung Galaxy Z Fold6 12Gb/1Tb Pink;Pink;#FFC0CB;art_4498
Смартфон Samsung Galaxy Z Fold6 12Gb/1Tb Navy;Samsung;Смартфон Samsung Galaxy Z Fold6 12Gb/1Tb Navy;Navy;#000080;art_4497
Смартфон Samsung Galaxy Z Fold6 12Gb/1Tb Crafted Black;Samsung;Смартфон Samsung Galaxy Z Fold6 12Gb/1Tb Crafted Black;Crafted Black;#D2B48C;art_4496
Смартфон Samsung Galaxy S24 8Gb/512Gb Sapphire Blue;Samsung;Смартфон Samsung Galaxy S24 8Gb/512Gb Sapphire Blue;Sapphire Blue;#0f52ba;art_4495
Смартфон Samsung Galaxy S24 8Gb/512Gb Sandstone Orange;Samsung;Смартфон Samsung Galaxy S24 8Gb/512Gb Sandstone Orange;Sandstone Orange;#786d5f;art_4494
Смартфон Samsung Galaxy S24 8Gb/512Gb Onyx Black;Samsung;Смартфон Samsung Galaxy S24 8Gb/512Gb Onyx Black;Onyx Black;#353839;art_4493
Смартфон Samsung Galaxy S24 8Gb/512Gb Marble Grey;Samsung;Смартфон Samsung Galaxy S24 8Gb/512Gb Marble Grey;Marble Grey;#e1d9d1;art_4492
Смартфон Samsung Galaxy S24 8Gb/512Gb Jade Green;Samsung;Смартфон Samsung Galaxy S24 8Gb/512Gb Jade Green;Jade Green;#00a86b;art_4491
Смартфон Samsung Galaxy S24 8Gb/512Gb Cobalt Violet;Samsung;Смартфон Samsung Galaxy S24 8Gb/512Gb Cobalt Violet;Cobalt Violet;#3d59ab;art_4490
Смартфон Samsung Galaxy S24 8Gb/512Gb Amber Yellow;Samsung;Смартфон Samsung Galaxy S24 8Gb/512Gb Amber Yellow;Amber Yellow;#ffbf00;art_4489
Смартфон Samsung Galaxy S24 8Gb/256Gb Sapphire Blue;Samsung;Смартфон Samsung Galaxy S24 8Gb/256Gb Sapphire Blue;Sapphire Blue;#0f52ba;art_4488
Смартфон Samsung Galaxy S24 8Gb/256Gb Sandstone Orange;Samsung;Смартфон Samsung Galaxy S24 8Gb/256Gb Sandstone Orange;Sandstone Orange;#786d5f;art_4487
Смартфон Samsung Galaxy S24 8Gb/256Gb Onyx Black;Samsung;Смартфон Samsung Galaxy S24 8Gb/256Gb Onyx Black;Onyx Black;#353839;art_4486
Смартфон Samsung Galaxy S24 8Gb/256Gb Marble Grey;Samsung;Смартфон Samsung Galaxy S24 8Gb/256Gb Marble Grey;Marble Grey;#e1d9d1;art_4485
Смартфон Samsung Galaxy S24 8Gb/256Gb Jade Green;Samsung;Смартфон Samsung Galaxy S24 8Gb/256Gb Jade Green;Jade Green;#00a86b;art_4484
Смартфон Samsung Galaxy S24 8Gb/256Gb Cobalt Violet;Samsung;Смартфон Samsung Galaxy S24 8Gb/256Gb Cobalt Violet;Cobalt Violet;#3d59ab;art_4483
Смартфон Samsung Galaxy S24 8Gb/256Gb Amber Yellow;Samsung;Смартфон Samsung Galaxy S24 8Gb/256Gb Amber Yellow;Amber Yellow;#ffbf00;art_4482
Смартфон Samsung Galaxy S24 8Gb/128Gb Sapphire Blue;Samsung;Смартфон Samsung Galaxy S24 8Gb/128Gb Sapphire Blue;Sapphire Blue;#0f52ba;art_4481
Смартфон Samsung Galaxy S24 8Gb/128Gb Sandstone Orange;Samsung;Смартфон Samsung Galaxy S24 8Gb/128Gb Sandstone Orange;Sandstone Orange;#786d5f;art_4480
Смартфон Samsung Galaxy S24 8Gb/128Gb Onyx Black;Samsung;Смартфон Samsung Galaxy S24 8Gb/128Gb Onyx Black;Onyx Black;#353839;art_4479
Смартфон Samsung Galaxy S24 8Gb/128Gb Marble Grey;Samsung;Смартфон Samsung Galaxy S24 8Gb/128Gb Marble Grey;Marble Grey;#e1d9d1;art_4478
Смартфон Samsung Galaxy S24 8Gb/128Gb Jade Green;Samsung;Смартфон Samsung Galaxy S24 8Gb/128Gb Jade Green;Jade Green;#00a86b;art_4477
Смартфон Samsung Galaxy S24 8Gb/128Gb Cobalt Violet;Samsung;Смартфон Samsung Galaxy S24 8Gb/128Gb Cobalt Violet;Cobalt Violet;#3d59ab;art_4476
Смартфон Samsung Galaxy S24 8Gb/128Gb Amber Yellow;Samsung;Смартфон Samsung Galaxy S24 8Gb/128Gb Amber Yellow;Amber Yellow;#ffbf00;art_4475
Смартфон Samsung Galaxy S24 12Gb/256Gb Sapphire Blue;Samsung;Смартфон Samsung Galaxy S24 12Gb/256Gb Sapphire Blue;Sapphire Blue;#0f52ba;art_4474
Смартфон Samsung Galaxy S24 12Gb/256Gb Sandstone Orange;Samsung;Смартфон Samsung Galaxy S24 12Gb/256Gb Sandstone Orange;Sandstone Orange;#786d5f;art_4473
Смартфон Samsung Galaxy S24 12Gb/256Gb Onyx Black;Samsung;Смартфон Samsung Galaxy S24 12Gb/256Gb Onyx Black;Onyx Black;#353839;art_4472
Смартфон Samsung Galaxy S24 12Gb/256Gb Marble Grey;Samsung;Смартфон Samsung Galaxy S24 12Gb/256Gb Marble Grey;Marble Grey;#e1d9d1;art_4471
Смартфон Samsung Galaxy S24 12Gb/256Gb Jade Green;Samsung;Смартфон Samsung Galaxy S24 12Gb/256Gb Jade Green;Jade Green;#00a86b;art_4470
Смартфон Samsung Galaxy S24 12Gb/256Gb Cobalt Violet;Samsung;Смартфон Samsung Galaxy S24 12Gb/256Gb Cobalt Violet;Cobalt Violet;#3d59ab;art_4469
Смартфон Samsung Galaxy S24 12Gb/256Gb Amber Yellow;Samsung;Смартфон Samsung Galaxy S24 12Gb/256Gb Amber Yellow;Amber Yellow;#ffbf00;art_4468
Samsung Galaxy Z Fold7 16Gb/1Tb Silver Shadow;Samsung;Samsung Galaxy Z Fold7 16Gb/1Tb Silver Shadow;Silver Shadow;#C0C0C0;art_4467
Samsung Galaxy Z Fold7 16Gb/1Tb Mint;Samsung;Samsung Galaxy Z Fold7 16Gb/1Tb Mint;Mint;#98FF98;art_4466
Samsung Galaxy Z Fold7 16Gb/1Tb Jet Black;Samsung;Samsung Galaxy Z Fold7 16Gb/1Tb Jet Black;Jet Black;#343434;art_4465
Samsung Galaxy Z Fold7 16Gb/1Tb Blue Shadow;Samsung;Samsung Galaxy Z Fold7 16Gb/1Tb Blue Shadow;Blue Shadow;#0000FF;art_4464
Samsung Galaxy Z Fold7 12Gb/512Gb Silver Shadow;Samsung;Samsung Galaxy Z Fold7 12Gb/512Gb Silver Shadow;Silver Shadow;#C0C0C0;art_4463
Samsung Galaxy Z Fold7 12Gb/512Gb Mint;Samsung;Samsung Galaxy Z Fold7 12Gb/512Gb Mint;Mint;#98FF98;art_4462
Samsung Galaxy Z Fold7 12Gb/512Gb Jet Black;Samsung;Samsung Galaxy Z Fold7 12Gb/512Gb Jet Black;Jet Black;#343434;art_4461
Samsung Galaxy Z Fold7 12Gb/512Gb Blue Shadow;Samsung;Samsung Galaxy Z Fold7 12Gb/512Gb Blue Shadow;Blue Shadow;#0000FF;art_4460
Samsung Galaxy Z Fold7 12Gb/256Gb Silver Shadow;Samsung;Samsung Galaxy Z Fold7 12Gb/256Gb Silver Shadow;Silver Shadow;#C0C0C0;art_4459
Samsung Galaxy Z Fold7 12Gb/256Gb Mint;Samsung;Samsung Galaxy Z Fold7 12Gb/256Gb Mint;Mint;#98FF98;art_4458
Смартфон Samsung Galaxy S24 Ultra 12Gb/256Gb Titanium Yellow;Samsung;Смартфон Samsung Galaxy S24 Ultra 12Gb/256Gb Titanium Yellow;Titanium Yellow;#b6ce1b;art_4457
Смартфон Samsung Galaxy S24 Ultra 12Gb/256Gb Titanium Violet;Samsung;Смартфон Samsung Galaxy S24 Ultra 12Gb/256Gb Titanium Violet;Titanium Violet;#B0B0B0;art_4456
Смартфон Samsung Galaxy S24 Ultra 12Gb/256Gb Titanium Orange;Samsung;Смартфон Samsung Galaxy S24 Ultra 12Gb/256Gb Titanium Orange;Titanium Orange;#B0B0B0;art_4455
Смартфон Samsung Galaxy S24 Ultra 12Gb/256Gb Titanium Green;Samsung;Смартфон Samsung Galaxy S24 Ultra 12Gb/256Gb Titanium Green;Titanium Green;#B0B0B0;art_4454
Смартфон Samsung Galaxy S24 Ultra 12Gb/256Gb Titanium Gray;Samsung;Смартфон Samsung Galaxy S24 Ultra 12Gb/256Gb Titanium Gray;Titanium Gray;#B0B0B0;art_4453
Смартфон Samsung Galaxy S24 Ultra 12Gb/256Gb Titanium Blue;Samsung;Смартфон Samsung Galaxy S24 Ultra 12Gb/256Gb Titanium Blue;Titanium Blue;#B0B0B0;art_4452
Смартфон Samsung Galaxy S24 Ultra 12Gb/256Gb Titanium Black;Samsung;Смартфон Samsung Galaxy S24 Ultra 12Gb/256Gb Titanium Black;Titanium Black;#B0B0B0;art_4451
Смартфон Samsung Galaxy S24 Ultra 12Gb/1Tb Titanium Yellow;Samsung;Смартфон Samsung Galaxy S24 Ultra 12Gb/1Tb Titanium Yellow;Titanium Yellow;#B0B0B0;art_4450
Смартфон Samsung Galaxy S24 Ultra 12Gb/1Tb Titanium Violet;Samsung;Смартфон Samsung Galaxy S24 Ultra 12Gb/1Tb Titanium Violet;Titanium Violet;#B0B0B0;art_4449
Смартфон Samsung Galaxy S24 Ultra 12Gb/1Tb Titanium Orange;Samsung;Смартфон Samsung Galaxy S24 Ultra 12Gb/1Tb Titanium Orange;Titanium Orange;#B0B0B0;art_4448
Смартфон Samsung Galaxy S24 Ultra 12Gb/1Tb Titanium Green;Samsung;Смартфон Samsung Galaxy S24 Ultra 12Gb/1Tb Titanium Green;Titanium Green;#B0B0B0;art_4447
Смартфон Samsung Galaxy S24 Ultra 12Gb/1Tb Titanium Gray;Samsung;Смартфон Samsung Galaxy S24 Ultra 12Gb/1Tb Titanium Gray;Titanium Gray;#B0B0B0;art_4446
Смартфон Samsung Galaxy S24 Ultra 12Gb/1Tb Titanium Blue;Samsung;Смартфон Samsung Galaxy S24 Ultra 12Gb/1Tb Titanium Blue;Titanium Blue;#B0B0B0;art_4445
Смартфон Samsung Galaxy S24 Ultra 12Gb/1Tb Titanium Black;Samsung;Смартфон Samsung Galaxy S24 Ultra 12Gb/1Tb Titanium Black;Titanium Black;#B0B0B0;art_4444
Смартфон Samsung Galaxy S24 Ultra 12/512Gb Titanium Yellow;Samsung;Смартфон Samsung Galaxy S24 Ultra 12/512Gb Titanium Yellow;Titanium Yellow;#B0B0B0;art_4443
Смартфон Samsung Galaxy S24 Ultra 12/512Gb Titanium Violet;Samsung;Смартфон Samsung Galaxy S24 Ultra 12/512Gb Titanium Violet;Titanium Violet;#B0B0B0;art_4442
Смартфон Samsung Galaxy S24 Ultra 12/512Gb Titanium Orange;Samsung;Смартфон Samsung Galaxy S24 Ultra 12/512Gb Titanium Orange;Titanium Orange;#B0B0B0;art_4441
Смартфон Samsung Galaxy S24 Ultra 12/512Gb Titanium Green;Samsung;Смартфон Samsung Galaxy S24 Ultra 12/512Gb Titanium Green;Titanium Green;#B0B0B0;art_4440
Смартфон Samsung Galaxy S24 Ultra 12/512Gb Titanium Gray;Samsung;Смартфон Samsung Galaxy S24 Ultra 12/512Gb Titanium Gray;Titanium Gray;#B0B0B0;art_4439
Смартфон Samsung Galaxy S24 Ultra 12/512Gb Titanium Blue;Samsung;Смартфон Samsung Galaxy S24 Ultra 12/512Gb Titanium Blue;Titanium Blue;#B0B0B0;art_4438
Смартфон Samsung Galaxy S24 Ultra 12/512Gb Titanium Black;Samsung;Смартфон Samsung Galaxy S24 Ultra 12/512Gb Titanium Black;Titanium Black;#B0B0B0;art_4437
Смартфон Samsung Galaxy S24 FE 8Gb/512Gb Mint;Samsung;Смартфон Samsung Galaxy S24 FE 8Gb/512Gb Mint;Mint;#98FF98;art_4436
Смартфон Samsung Galaxy S24 FE 8Gb/512Gb Gray;Samsung;Смартфон Samsung Galaxy S24 FE 8Gb/512Gb Gray;Gray;#808080;art_4435
Смартфон Samsung Galaxy S24 FE 8Gb/512Gb Graphite;Samsung;Смартфон Samsung Galaxy S24 FE 8Gb/512Gb Graphite;Graphite;#474A51;art_4434
Смартфон Samsung Galaxy S24 FE 8Gb/512Gb Blue;Samsung;Смартфон Samsung Galaxy S24 FE 8Gb/512Gb Blue;Blue;#0000FF;art_4433
Смартфон Samsung Galaxy S24 FE 8Gb/256Gb Mint;Samsung;Смартфон Samsung Galaxy S24 FE 8Gb/256Gb Mint;Mint;#98FF98;art_4432
Смартфон Samsung Galaxy S24 FE 8Gb/256Gb Gray;Samsung;Смартфон Samsung Galaxy S24 FE 8Gb/256Gb Gray;Gray;#808080;art_4431
Смартфон Samsung Galaxy S24 FE 8Gb/256Gb Graphite;Samsung;Смартфон Samsung Galaxy S24 FE 8Gb/256Gb Graphite;Graphite;#474A51;art_4430
Смартфон Samsung Galaxy S24 FE 8Gb/256Gb Blue;Samsung;Смартфон Samsung Galaxy S24 FE 8Gb/256Gb Blue;Blue;#0000FF;art_4429
Смартфон Samsung Galaxy S24 FE 8Gb/128Gb Mint;Samsung;Смартфон Samsung Galaxy S24 FE 8Gb/128Gb Mint;Mint;#98FF98;art_4428
Смартфон Samsung Galaxy S24 FE 8Gb/128Gb Gray;Samsung;Смартфон Samsung Galaxy S24 FE 8Gb/128Gb Gray;Gray;#808080;art_4427
Смартфон Samsung Galaxy S24 FE 8Gb/128Gb Graphite;Samsung;Смартфон Samsung Galaxy S24 FE 8Gb/128Gb Graphite;Graphite;#474A51;art_4426
Смартфон Samsung Galaxy S24 FE 8Gb/128Gb Blue;Samsung;Смартфон Samsung Galaxy S24 FE 8Gb/128Gb Blue;Blue;#0000FF;art_4425
Смартфон Samsung Galaxy S24+ 12Gb/512Gb Sapphire Blue;Samsung;Смартфон Samsung Galaxy S24+ 12Gb/512Gb Sapphire Blue;Sapphire Blue;#0F52BA;art_4424
Смартфон Samsung Galaxy S24+ 12Gb/512Gb Onyx Black;Samsung;Смартфон Samsung Galaxy S24+ 12Gb/512Gb Onyx Black;Onyx Black;#353839;art_4423
Смартфон Samsung Galaxy S24+ 12Gb/512Gb Marble Grey;Samsung;Смартфон Samsung Galaxy S24+ 12Gb/512Gb Marble Grey;Marble Grey;#E1D9D1;art_4422
Смартфон Samsung Galaxy S24+ 12Gb/512Gb Jade Green;Samsung;Смартфон Samsung Galaxy S24+ 12Gb/512Gb Jade Green;Jade Green;#00A86B;art_4421
Смартфон Samsung Galaxy S24+ 12Gb/512Gb Cobalt Violet;Samsung;Смартфон Samsung Galaxy S24+ 12Gb/512Gb Cobalt Violet;Cobalt Violet;#3D59AB;art_4420
Смартфон Samsung Galaxy S24+ 12Gb/512Gb Amber Yellow;Samsung;Смартфон Samsung Galaxy S24+ 12Gb/512Gb Amber Yellow;Amber Yellow;#FFBF00;art_4419
Смартфон Samsung Galaxy S24+ 12Gb/512Gb  Sandstone Orange;Samsung;Смартфон Samsung Galaxy S24+ 12Gb/512Gb  Sandstone Orange;Sandstone Orange;#786D5F;art_4418
Смартфон Samsung Galaxy S24+ 12Gb/256Gb Sapphire Blue;Samsung;Смартфон Samsung Galaxy S24+ 12Gb/256Gb Sapphire Blue;Sapphire Blue;#0f52ba;art_4417
Смартфон Samsung Galaxy S24+ 12Gb/256Gb Onyx Black;Samsung;Смартфон Samsung Galaxy S24+ 12Gb/256Gb Onyx Black;Onyx Black;#353839;art_4416
Смартфон Samsung Galaxy S24+ 12Gb/256Gb Marble Grey;Samsung;Смартфон Samsung Galaxy S24+ 12Gb/256Gb Marble Grey;Marble Grey;#e1d9d1;art_4415
Смартфон Samsung Galaxy S24+ 12Gb/256Gb Jade Green;Samsung;Смартфон Samsung Galaxy S24+ 12Gb/256Gb Jade Green;Jade Green;#00a86b;art_4414
Смартфон Samsung Galaxy S24+ 12Gb/256Gb Cobalt Violet;Samsung;Смартфон Samsung Galaxy S24+ 12Gb/256Gb Cobalt Violet;Cobalt Violet;#3d59ab;art_4413
Смартфон Samsung Galaxy S24+ 12Gb/256Gb Amber Yellow;Samsung;Смартфон Samsung Galaxy S24+ 12Gb/256Gb Amber Yellow;Amber Yellow;#ffbf00;art_4412
Смартфон Samsung Galaxy S24+ 12Gb/256Gb  Sandstone Orange;Samsung;Смартфон Samsung Galaxy S24+ 12Gb/256Gb  Sandstone Orange;Sandstone Orange;#786d5f;art_4411
Samsung Galaxy Z Fold7 12Gb/256Gb Jet Black;Samsung;Samsung Galaxy Z Fold7 12Gb/256Gb Jet Black;Jet Black;#343434;art_4410
Samsung Galaxy Z Fold7 12Gb/256Gb Blue Shadow;Samsung;Samsung Galaxy Z Fold7 12Gb/256Gb Blue Shadow;Blue Shadow;#0000FF;art_4409
Samsung Galaxy Z Flip7 FE 8Gb/256Gb White;Samsung;Samsung Galaxy Z Flip7 FE 8Gb/256Gb White;White;#FFFFFF;art_4408
Samsung Galaxy Z Flip7 FE 8Gb/256Gb Black;Samsung;Samsung Galaxy Z Flip7 FE 8Gb/256Gb Black;Black;#000000;art_4407
Samsung Galaxy Z Flip7 FE 8Gb/128Gb White;Samsung;Samsung Galaxy Z Flip7 FE 8Gb/128Gb White;White;#FFFFFF;art_4406
Samsung Galaxy Z Flip7 FE 8Gb/128Gb Black;Samsung;Samsung Galaxy Z Flip7 FE 8Gb/128Gb Black;Black;#000000;art_4405
Samsung Galaxy A56 8Gb/256Gb Pink;Samsung;Samsung Galaxy A56 8Gb/256Gb Pink;Pink;#ffc0cb;art_4404
Samsung Galaxy A56 8Gb/256Gb Olive;Samsung;Samsung Galaxy A56 8Gb/256Gb Olive;Olive;#808000;art_4403
Samsung Galaxy A56 8Gb/256Gb Lightgray;Samsung;Samsung Galaxy A56 8Gb/256Gb Lightgray;Lightgray;#d3d3d3;art_4402
Samsung Galaxy A56 8Gb/256Gb Graphite;Samsung;Samsung Galaxy A56 8Gb/256Gb Graphite;Graphite;#474a51;art_4401
Samsung Galaxy A56 8Gb/128Gb Pink;Samsung;Samsung Galaxy A56 8Gb/128Gb Pink;Pink;#ffc0cb;art_4400
Samsung Galaxy A56 8Gb/128Gb Olive;Samsung;Samsung Galaxy A56 8Gb/128Gb Olive;Olive;#808000;art_4399
Samsung Galaxy A56 8Gb/128Gb Lightgray;Samsung;Samsung Galaxy A56 8Gb/128Gb Lightgray;Lightgray;#d3d3d3;art_4398
Samsung Galaxy A56 8Gb/128Gb Graphite;Samsung;Samsung Galaxy A56 8Gb/128Gb Graphite;Graphite;#474a51;art_4397
Samsung Galaxy A56 12Gb/256Gb Pink;Samsung;Samsung Galaxy A56 12Gb/256Gb Pink;Pink;#ffc0cb;art_4396
Samsung Galaxy A56 12Gb/256Gb Olive;Samsung;Samsung Galaxy A56 12Gb/256Gb Olive;Olive;#808000;art_4395
Samsung Galaxy A56 12Gb/256Gb Lightgray;Samsung;Samsung Galaxy A56 12Gb/256Gb Lightgray;Lightgray;#d3d3d3;art_4394
Samsung Galaxy S25 FE 8Gb/512Gb White;Samsung;Samsung Galaxy S25 FE 8Gb/512Gb White;White;#FFFFFF;art_4393
Samsung Galaxy S25 FE 8Gb/512Gb Navy;Samsung;Samsung Galaxy S25 FE 8Gb/512Gb Navy;Navy;#000080;art_4392
Samsung Galaxy S25 FE 8Gb/512Gb IcyBlue;Samsung;Samsung Galaxy S25 FE 8Gb/512Gb IcyBlue;IcyBlue;#AFDBF5;art_4391
Samsung Galaxy S25 FE 8Gb/512Gb BlueBlack;Samsung;Samsung Galaxy S25 FE 8Gb/512Gb BlueBlack;BlueBlack;#003366;art_4390
Samsung Galaxy S25 FE 8Gb/256Gb White;Samsung;Samsung Galaxy S25 FE 8Gb/256Gb White;White;#FFFFFF;art_4389
Samsung Galaxy S25 FE 8Gb/256Gb Navy;Samsung;Samsung Galaxy S25 FE 8Gb/256Gb Navy;Navy;#000080;art_4388
Samsung Galaxy S25 FE 8Gb/256Gb IcyBlue;Samsung;Samsung Galaxy S25 FE 8Gb/256Gb IcyBlue;IcyBlue;#AFDBF5;art_4387
Samsung Galaxy S25 FE 8Gb/256Gb BlueBlack;Samsung;Samsung Galaxy S25 FE 8Gb/256Gb BlueBlack;BlueBlack;#003366;art_4386
Samsung Galaxy S25 FE 8Gb/128Gb White;Samsung;Samsung Galaxy S25 FE 8Gb/128Gb White;White;#FFFFFF;art_4385
Samsung Galaxy S25 FE 8Gb/128Gb Navy;Samsung;Samsung Galaxy S25 FE 8Gb/128Gb Navy;Navy;#000080;art_4384
Samsung Galaxy S25 FE 8Gb/128Gb IcyBlue;Samsung;Samsung Galaxy S25 FE 8Gb/128Gb IcyBlue;IcyBlue;#AFDBF5;art_4383
Samsung Galaxy S25 FE 8Gb/128Gb BlueBlack;Samsung;Samsung Galaxy S25 FE 8Gb/128Gb BlueBlack;BlueBlack;#003366;art_4382
Смартфон Samsung Galaxy S25 12Gb/512Gb Silver Shadow;Samsung;Смартфон Samsung Galaxy S25 12Gb/512Gb Silver Shadow;Silver Shadow;#C0C0C0;art_4381
Смартфон Samsung Galaxy S25 12Gb/512Gb PinkGold;Samsung;Смартфон Samsung Galaxy S25 12Gb/512Gb PinkGold;PinkGold;#FFC1CC;art_4380
Смартфон Samsung Galaxy S25 12Gb/512Gb Navy;Samsung;Смартфон Samsung Galaxy S25 12Gb/512Gb Navy;Navy;#000080;art_4379
Смартфон Samsung Galaxy S25 12Gb/512Gb CoralRed;Samsung;Смартфон Samsung Galaxy S25 12Gb/512Gb CoralRed;CoralRed;#FF7F50;art_4378
Смартфон Samsung Galaxy S25 12Gb/512Gb BlueBlack;Samsung;Смартфон Samsung Galaxy S25 12Gb/512Gb BlueBlack;BlueBlack;#003366;art_4377
Смартфон Samsung Galaxy S25 12Gb/512Gb	Mint;Samsung;Смартфон Samsung Galaxy S25 12Gb/512Gb	Mint;Mint;#98FF98;art_4376
Смартфон Samsung Galaxy S25 12Gb/512Gb	Ice Blue;Samsung;Смартфон Samsung Galaxy S25 12Gb/512Gb	Ice Blue;Ice Blue;#E0FFFF;art_4375
Смартфон Samsung Galaxy S25 12Gb/256Gb Silver Shadow;Samsung;Смартфон Samsung Galaxy S25 12Gb/256Gb Silver Shadow;Silver Shadow;#C0C0C0;art_4374
Смартфон Samsung Galaxy S25 12Gb/256Gb Navy;Samsung;Смартфон Samsung Galaxy S25 12Gb/256Gb Navy;Navy;#000080;art_4373
Смартфон Samsung Galaxy S25 12Gb/256Gb CoralRed;Samsung;Смартфон Samsung Galaxy S25 12Gb/256Gb CoralRed;CoralRed;#FF7F50;art_4372
Смартфон Samsung Galaxy S25 12Gb/256Gb BlueBlack;Samsung;Смартфон Samsung Galaxy S25 12Gb/256Gb BlueBlack;BlueBlack;#003366;art_4371
Смартфон Samsung Galaxy S25 12Gb/256Gb	PinkGold;Samsung;Смартфон Samsung Galaxy S25 12Gb/256Gb	PinkGold;PinkGold;#FFC1CC;art_4370
Смартфон Samsung Galaxy S25 12Gb/256Gb	Mint;Samsung;Смартфон Samsung Galaxy S25 12Gb/256Gb	Mint;Mint;#98FF98;art_4369
Смартфон Samsung Galaxy S25 12Gb/256Gb	Ice Blue;Samsung;Смартфон Samsung Galaxy S25 12Gb/256Gb	Ice Blue;Ice Blue;#E0FFFF;art_4368
Смартфон Samsung Galaxy S25 12Gb/128Gb PinkGold;Samsung;Смартфон Samsung Galaxy S25 12Gb/128Gb PinkGold;PinkGold;#FFC1CC;art_4367
Смартфон Samsung Galaxy S25 12Gb/128Gb Navy;Samsung;Смартфон Samsung Galaxy S25 12Gb/128Gb Navy;Navy;#000080;art_4366
Смартфон Samsung Galaxy S25 12Gb/128Gb Ice Blue;Samsung;Смартфон Samsung Galaxy S25 12Gb/128Gb Ice Blue;Ice Blue;#E0FFFF;art_4365
Смартфон Samsung Galaxy S25 12Gb/128Gb	Silver Shadow;Samsung;Смартфон Samsung Galaxy S25 12Gb/128Gb	Silver Shadow;Silver Shadow;#C0C0C0;art_4364
Смартфон Samsung Galaxy S25 12Gb/128Gb	Mint;Samsung;Смартфон Samsung Galaxy S25 12Gb/128Gb	Mint;Mint;#98FF98;art_4363
Смартфон Samsung Galaxy S25 12Gb/128Gb	CoralRed;Samsung;Смартфон Samsung Galaxy S25 12Gb/128Gb	CoralRed;CoralRed;#FF7F50;art_4362
Смартфон Samsung Galaxy S25 12Gb/128Gb	BlueBlack;Samsung;Смартфон Samsung Galaxy S25 12Gb/128Gb	BlueBlack;BlueBlack;#003366;art_4361
Смартфон Samsung Galaxy S25 Ultra 12Gb/512Gb Titanium White Silver;Samsung;Смартфон Samsung Galaxy S25 Ultra 12Gb/512Gb Titanium White Silver;Titanium White Silver;#B0B0B0;art_4360
Смартфон Samsung Galaxy S25 Ultra 12Gb/512Gb Titanium Silver Blue;Samsung;Смартфон Samsung Galaxy S25 Ultra 12Gb/512Gb Titanium Silver Blue;Titanium Silver Blue;#B0B0B0;art_4359
Смартфон Samsung Galaxy S25 Ultra 12Gb/512Gb Titanium PinkGold;Samsung;Смартфон Samsung Galaxy S25 Ultra 12Gb/512Gb Titanium PinkGold;Titanium PinkGold;#B0B0B0;art_4358
Смартфон Samsung Galaxy S25 Ultra 12Gb/512Gb Titanium JetBlack;Samsung;Смартфон Samsung Galaxy S25 Ultra 12Gb/512Gb Titanium JetBlack;Titanium JetBlack;#B0B0B0;art_4357
Смартфон Samsung Galaxy S25 Ultra 12Gb/512Gb Titanium JadeGreen;Samsung;Смартфон Samsung Galaxy S25 Ultra 12Gb/512Gb Titanium JadeGreen;Titanium JadeGreen;#B0B0B0;art_4356
Смартфон Samsung Galaxy S25 Ultra 12Gb/512Gb Titanium Gray;Samsung;Смартфон Samsung Galaxy S25 Ultra 12Gb/512Gb Titanium Gray;Titanium Gray;#B0B0B0;art_4355
Смартфон Samsung Galaxy S25 Ultra 12Gb/512Gb Titanium Black;Samsung;Смартфон Samsung Galaxy S25 Ultra 12Gb/512Gb Titanium Black;Titanium Black;#B0B0B0;art_4354
Смартфон Samsung Galaxy S25 Ultra 12Gb/256Gb Titanium White Silver;Samsung;Смартфон Samsung Galaxy S25 Ultra 12Gb/256Gb Titanium White Silver;Titanium White Silver;#B0B0B0;art_4353
Смартфон Samsung Galaxy S25 Ultra 12Gb/256Gb Titanium Silver Blue;Samsung;Смартфон Samsung Galaxy S25 Ultra 12Gb/256Gb Titanium Silver Blue;Titanium Silver Blue;#B0B0B0;art_4352
Смартфон Samsung Galaxy S25 Ultra 12Gb/256Gb Titanium PinkGold;Samsung;Смартфон Samsung Galaxy S25 Ultra 12Gb/256Gb Titanium PinkGold;Titanium PinkGold;#B0B0B0;art_4351
Смартфон Samsung Galaxy S25 Ultra 12Gb/256Gb Titanium JetBlack;Samsung;Смартфон Samsung Galaxy S25 Ultra 12Gb/256Gb Titanium JetBlack;Titanium JetBlack;#B0B0B0;art_4350
Смартфон Samsung Galaxy S25 Ultra 12Gb/256Gb Titanium JadeGreen;Samsung;Смартфон Samsung Galaxy S25 Ultra 12Gb/256Gb Titanium JadeGreen;Titanium JadeGreen;#B0B0B0;art_4349
Смартфон Samsung Galaxy S25 Ultra 12Gb/256Gb Titanium Gray;Samsung;Смартфон Samsung Galaxy S25 Ultra 12Gb/256Gb Titanium Gray;Titanium Gray;#B0B0B0;art_4348
Смартфон Samsung Galaxy S25 Ultra 12Gb/256Gb Titanium Black;Samsung;Смартфон Samsung Galaxy S25 Ultra 12Gb/256Gb Titanium Black;Titanium Black;#B0B0B0;art_4347
Смартфон Samsung Galaxy S25 Ultra 12Gb/1Tb Titanium White Silver;Samsung;Смартфон Samsung Galaxy S25 Ultra 12Gb/1Tb Titanium White Silver;Titanium White Silver;#B0B0B0;art_4346
Смартфон Samsung Galaxy S25 Ultra 12Gb/1Tb Titanium Silver Blue;Samsung;Смартфон Samsung Galaxy S25 Ultra 12Gb/1Tb Titanium Silver Blue;Titanium Silver Blue;#B0B0B0;art_4345
Смартфон Samsung Galaxy S25 Ultra 12Gb/1Tb Titanium PinkGold;Samsung;Смартфон Samsung Galaxy S25 Ultra 12Gb/1Tb Titanium PinkGold;Titanium PinkGold;#B0B0B0;art_4344
Смартфон Samsung Galaxy S25 Ultra 12Gb/1Tb Titanium JetBlack;Samsung;Смартфон Samsung Galaxy S25 Ultra 12Gb/1Tb Titanium JetBlack;Titanium JetBlack;#B0B0B0;art_4343
Смартфон Samsung Galaxy S25 Ultra 12Gb/1Tb Titanium JadeGreen;Samsung;Смартфон Samsung Galaxy S25 Ultra 12Gb/1Tb Titanium JadeGreen;Titanium JadeGreen;#B0B0B0;art_4342
Смартфон Samsung Galaxy S25 Ultra 12Gb/1Tb Titanium Gray;Samsung;Смартфон Samsung Galaxy S25 Ultra 12Gb/1Tb Titanium Gray;Titanium Gray;#B0B0B0;art_4341
Смартфон Samsung Galaxy S25 Ultra 12Gb/1Tb Titanium Black;Samsung;Смартфон Samsung Galaxy S25 Ultra 12Gb/1Tb Titanium Black;Titanium Black;#B0B0B0;art_4340
Samsung Galaxy S25 Edge 12Gb/512Gb Titanium Silver;Samsung;Samsung Galaxy S25 Edge 12Gb/512Gb Titanium Silver;Titanium Silver;#B0B0B0;art_4339
Samsung Galaxy S25 Edge 12Gb/512Gb Titanium JetBlack;Samsung;Samsung Galaxy S25 Edge 12Gb/512Gb Titanium JetBlack;Titanium JetBlack;#B0B0B0;art_4338
Samsung Galaxy S25 Edge 12Gb/512Gb Titanium IcyBlue;Samsung;Samsung Galaxy S25 Edge 12Gb/512Gb Titanium IcyBlue;Titanium IcyBlue;#B0B0B0;art_4337
Samsung Galaxy S25 Edge 12Gb/256Gb Titanium Silver;Samsung;Samsung Galaxy S25 Edge 12Gb/256Gb Titanium Silver;Titanium Silver;#B0B0B0;art_4336
Samsung Galaxy S25 Edge 12Gb/256Gb Titanium JetBlack;Samsung;Samsung Galaxy S25 Edge 12Gb/256Gb Titanium JetBlack;Titanium JetBlack;#B0B0B0;art_4335
Samsung Galaxy S25 Edge 12Gb/256Gb Titanium IcyBlue;Samsung;Samsung Galaxy S25 Edge 12Gb/256Gb Titanium IcyBlue;Titanium IcyBlue;#B0B0B0;art_4334
Смартфон Samsung Galaxy S25+ 12Gb/512Gb Silver Shadow;Samsung;Смартфон Samsung Galaxy S25+ 12Gb/512Gb Silver Shadow;Silver Shadow;#C0C0C0;art_4333
Смартфон Samsung Galaxy S25+ 12Gb/512Gb PinkGold;Samsung;Смартфон Samsung Galaxy S25+ 12Gb/512Gb PinkGold;PinkGold;#FFC1CC;art_4332
Смартфон Samsung Galaxy S25+ 12Gb/512Gb Navy;Samsung;Смартфон Samsung Galaxy S25+ 12Gb/512Gb Navy;Navy;#000080;art_4331
Смартфон Samsung Galaxy S25+ 12Gb/512Gb Mint;Samsung;Смартфон Samsung Galaxy S25+ 12Gb/512Gb Mint;Mint;#98FF98;art_4330
Смартфон Samsung Galaxy S25+ 12Gb/512Gb Ice Blue;Samsung;Смартфон Samsung Galaxy S25+ 12Gb/512Gb Ice Blue;Ice Blue;#E0FFFF;art_4329
Смартфон Samsung Galaxy S25+ 12Gb/512Gb CoralRed;Samsung;Смартфон Samsung Galaxy S25+ 12Gb/512Gb CoralRed;CoralRed;#FF7F50;art_4328
Смартфон Samsung Galaxy S25+ 12Gb/512Gb BlueBlack;Samsung;Смартфон Samsung Galaxy S25+ 12Gb/512Gb BlueBlack;BlueBlack;#003366;art_4327
Смартфон Samsung Galaxy S25+ 12Gb/256Gb Silver Shadow;Samsung;Смартфон Samsung Galaxy S25+ 12Gb/256Gb Silver Shadow;Silver Shadow;#C0C0C0;art_4326
Смартфон Samsung Galaxy S25+ 12Gb/256Gb PinkGold;Samsung;Смартфон Samsung Galaxy S25+ 12Gb/256Gb PinkGold;PinkGold;#FFC1CC;art_4325
Смартфон Samsung Galaxy S25+ 12Gb/256Gb Navy;Samsung;Смартфон Samsung Galaxy S25+ 12Gb/256Gb Navy;Navy;#000080;art_4324
Смартфон Samsung Galaxy S25+ 12Gb/256Gb Mint;Samsung;Смартфон Samsung Galaxy S25+ 12Gb/256Gb Mint;Mint;#98FF98;art_4323
Смартфон Samsung Galaxy S25+ 12Gb/256Gb Ice Blue;Samsung;Смартфон Samsung Galaxy S25+ 12Gb/256Gb Ice Blue;Ice Blue;#E0FFFF;art_4322
Смартфон Samsung Galaxy S25+ 12Gb/256Gb CoralRed;Samsung;Смартфон Samsung Galaxy S25+ 12Gb/256Gb CoralRed;CoralRed;#FF7F50;art_4321
Смартфон Samsung Galaxy S25+ 12Gb/256Gb BlueBlack;Samsung;Смартфон Samsung Galaxy S25+ 12Gb/256Gb BlueBlack;BlueBlack;#003366;art_4320
Apple iPhone 13 512Gb Starlight;Apple;Apple iPhone 13 512Gb Starlight;Starlight;#FAF7EC;art_4319
Apple iPhone 13 512Gb Red;Apple;Apple iPhone 13 512Gb Red;Red;#FF0000;art_4318
Apple iPhone 13 512Gb Pink;Apple;Apple iPhone 13 512Gb Pink;Pink;#FFC0CB;art_4317
Apple iPhone 13 512Gb Midnight;Apple;Apple iPhone 13 512Gb Midnight;Midnight;#191970;art_4316
Apple iPhone 13 512Gb Green;Apple;Apple iPhone 13 512Gb Green;Green;#008000;art_4315
Apple iPhone 13 512Gb Blue;Apple;Apple iPhone 13 512Gb Blue;Blue;#0000FF;art_4314
Apple iPhone 13 256Gb Starlight;Apple;Apple iPhone 13 256Gb Starlight;Starlight;#FAF7EC;art_4313
Apple iPhone 13 256Gb Red;Apple;Apple iPhone 13 256Gb Red;Red;#FF0000;art_4312
Apple iPhone 13 256Gb Pink;Apple;Apple iPhone 13 256Gb Pink;Pink;#FFC0CB;art_4311
Apple iPhone 13 256Gb Midnight;Apple;Apple iPhone 13 256Gb Midnight;Midnight;#191970;art_4310
Apple iPhone 13 256Gb Green;Apple;Apple iPhone 13 256Gb Green;Green;#008000;art_4309
Apple iPhone 13 256Gb Blue;Apple;Apple iPhone 13 256Gb Blue;Blue;#0000FF;art_4308
Apple iPhone 13 128Gb Starlight;Apple;Apple iPhone 13 128Gb Starlight;Starlight;#FAF7EC;art_4307
Apple iPhone 13 128Gb Red;Apple;Apple iPhone 13 128Gb Red;Red;#FF0000;art_4306
Apple iPhone 13 128Gb Pink;Apple;Apple iPhone 13 128Gb Pink;Pink;#FFC0CB;art_4305
Apple iPhone 13 128Gb Midnight;Apple;Apple iPhone 13 128Gb Midnight;Midnight;#191970;art_4304
Apple iPhone 13 128Gb Green;Apple;Apple iPhone 13 128Gb Green;Green;#008000;art_4303
Apple iPhone 13 128Gb Blue;Apple;Apple iPhone 13 128Gb Blue;Blue;#0000FF;art_4302
Apple iPhone 14 Plus 512Gb Yellow;Apple;Apple iPhone 14 Plus 512Gb Yellow;Yellow;#FFFF00;art_4301
Apple iPhone 14 Plus 512Gb Starlight;Apple;Apple iPhone 14 Plus 512Gb Starlight;Starlight;#FAF7EC;art_4300
Apple iPhone 14 Plus 512Gb RED;Apple;Apple iPhone 14 Plus 512Gb RED;RED;#FF0000;art_4299
Apple iPhone 14 Plus 512Gb Purple;Apple;Apple iPhone 14 Plus 512Gb Purple;Purple;#800080;art_4298
Apple iPhone 14 Plus 512Gb Midnight;Apple;Apple iPhone 14 Plus 512Gb Midnight;Midnight;#191970;art_4297
Apple iPhone 14 Plus 512Gb Blue;Apple;Apple iPhone 14 Plus 512Gb Blue;Blue;#0000FF;art_4296
Apple iPhone 14 Plus 256Gb Yellow;Apple;Apple iPhone 14 Plus 256Gb Yellow;Yellow;#FFFF00;art_4295
Apple iPhone 14 Plus 256Gb Starlight;Apple;Apple iPhone 14 Plus 256Gb Starlight;Starlight;#FAF7EC;art_4294
Apple iPhone 14 Plus 256Gb RED;Apple;Apple iPhone 14 Plus 256Gb RED;RED;#FF0000;art_4293
Apple iPhone 14 Plus 256Gb Purple;Apple;Apple iPhone 14 Plus 256Gb Purple;Purple;#800080;art_4292
Apple iPhone 14 Plus 256Gb Midnight;Apple;Apple iPhone 14 Plus 256Gb Midnight;Midnight;#191970;art_4291
Apple iPhone 14 Plus 256Gb Blue;Apple;Apple iPhone 14 Plus 256Gb Blue;Blue;#0000FF;art_4290
Apple iPhone 14 Plus 128Gb Yellow;Apple;Apple iPhone 14 Plus 128Gb Yellow;Yellow;#FFFF00;art_4289
Apple iPhone 14 Plus 128Gb Starlight;Apple;Apple iPhone 14 Plus 128Gb Starlight;Starlight;#FAF7EC;art_4288
Apple iPhone 14 Plus 128Gb RED;Apple;Apple iPhone 14 Plus 128Gb RED;RED;#FF0000;art_4287
Apple iPhone 14 Plus 128Gb Purple;Apple;Apple iPhone 14 Plus 128Gb Purple;Purple;#800080;art_4286
Apple iPhone 14 Plus 128Gb Midnight;Apple;Apple iPhone 14 Plus 128Gb Midnight;Midnight;#191970;art_4285
Apple iPhone 14 Plus 128Gb Blue;Apple;Apple iPhone 14 Plus 128Gb Blue;Blue;#0000FF;art_4284
Apple iPhone 14 512Gb Yellow;Apple;Apple iPhone 14 512Gb Yellow;Yellow;#FFFF00;art_4283
Apple iPhone 14 512Gb Starlight;Apple;Apple iPhone 14 512Gb Starlight;Starlight;#FAF7EC;art_4282
Apple iPhone 14 512Gb RED;Apple;Apple iPhone 14 512Gb RED;RED;#FF0000;art_4281
Apple iPhone 14 512Gb Purple;Apple;Apple iPhone 14 512Gb Purple;Purple;#800080;art_4280
Apple iPhone 14 512Gb Midnight;Apple;Apple iPhone 14 512Gb Midnight;Midnight;#191970;art_4279
Apple iPhone 14 512Gb Blue;Apple;Apple iPhone 14 512Gb Blue;Blue;#0000FF;art_4278
Apple iPhone 14 256Gb Yellow;Apple;Apple iPhone 14 256Gb Yellow;Yellow;#FFFF00;art_4277
Apple iPhone 14 256Gb Starlight;Apple;Apple iPhone 14 256Gb Starlight;Starlight;#FAF7EC;art_4276
Apple iPhone 14 256Gb RED;Apple;Apple iPhone 14 256Gb RED;RED;#FF0000;art_4275
Apple iPhone 14 256Gb Purple;Apple;Apple iPhone 14 256Gb Purple;Purple;#800080;art_4274
Apple iPhone 14 256Gb Midnight;Apple;Apple iPhone 14 256Gb Midnight;Midnight;#191970;art_4273
Apple iPhone 14 256Gb Blue;Apple;Apple iPhone 14 256Gb Blue;Blue;#0000FF;art_4272
Apple iPhone 14 128Gb Yellow;Apple;Apple iPhone 14 128Gb Yellow;Yellow;#FFFF00;art_4271
Apple iPhone 14 128Gb Starlight;Apple;Apple iPhone 14 128Gb Starlight;Starlight;#FAF7EC;art_4270
Apple iPhone 14 128Gb RED;Apple;Apple iPhone 14 128Gb RED;RED;#FF0000;art_4269
Apple iPhone 14 128Gb Purple;Apple;Apple iPhone 14 128Gb Purple;Purple;#800080;art_4268
Apple iPhone 14 128Gb Midnight;Apple;Apple iPhone 14 128Gb Midnight;Midnight;#191970;art_4267
Apple iPhone 14 128Gb Blue;Apple;Apple iPhone 14 128Gb Blue;Blue;#0000FF;art_4266
Apple iPhone 15 Plus 512Gb Yellow;Apple;Apple iPhone 15 Plus 512Gb Yellow;Yellow;#FFFF00;art_4265
Apple iPhone 15 Plus 512Gb Pink;Apple;Apple iPhone 15 Plus 512Gb Pink;Pink;#FFC0CB;art_4264
Apple iPhone 15 Plus 512Gb Green;Apple;Apple iPhone 15 Plus 512Gb Green;Green;#008000;art_4263
Apple iPhone 15 Plus 512Gb Blue;Apple;Apple iPhone 15 Plus 512Gb Blue;Blue;#0000FF;art_4262
Apple iPhone 15 Plus 512Gb Black;Apple;Apple iPhone 15 Plus 512Gb Black;Black;#000000;art_4261
Apple iPhone 15 Plus 256Gb Yellow;Apple;Apple iPhone 15 Plus 256Gb Yellow;Yellow;#FFFF00;art_4260
Apple iPhone 15 Plus 256Gb Pink;Apple;Apple iPhone 15 Plus 256Gb Pink;Pink;#FFC0CB;art_4259
Apple iPhone 15 Plus 256Gb Green;Apple;Apple iPhone 15 Plus 256Gb Green;Green;#008000;art_4258
Apple iPhone 15 Plus 256Gb Blue;Apple;Apple iPhone 15 Plus 256Gb Blue;Blue;#0000FF;art_4257
Apple iPhone 15 Plus 256Gb Black;Apple;Apple iPhone 15 Plus 256Gb Black;Black;#000000;art_4256
Apple iPhone 15 Plus 128Gb Yellow;Apple;Apple iPhone 15 Plus 128Gb Yellow;Yellow;#FFFF00;art_4255
Apple iPhone 15 Plus 128Gb Pink;Apple;Apple iPhone 15 Plus 128Gb Pink;Pink;#FFC0CB;art_4254
Apple iPhone 15 Plus 128Gb Green;Apple;Apple iPhone 15 Plus 128Gb Green;Green;#008000;art_4253
Apple iPhone 15 Plus 128Gb Blue;Apple;Apple iPhone 15 Plus 128Gb Blue;Blue;#0000FF;art_4252
Apple iPhone 15 Plus 128Gb Black;Apple;Apple iPhone 15 Plus 128Gb Black;Black;#000000;art_4251
Apple iPhone 15 512Gb Yellow;Apple;Apple iPhone 15 512Gb Yellow;Yellow;#FFFF00;art_4250
Apple iPhone 15 512Gb Pink;Apple;Apple iPhone 15 512Gb Pink;Pink;#FFC0CB;art_4249
Apple iPhone 15 512Gb Green;Apple;Apple iPhone 15 512Gb Green;Green;#008000;art_4248
Apple iPhone 15 512Gb Blue;Apple;Apple iPhone 15 512Gb Blue;Blue;#0000FF;art_4247
Apple iPhone 15 512Gb Black;Apple;Apple iPhone 15 512Gb Black;Black;#000000;art_4246
Apple iPhone 15 256Gb Yellow;Apple;Apple iPhone 15 256Gb Yellow;Yellow;#FFFF00;art_4245
Apple iPhone 15 256Gb Pink;Apple;Apple iPhone 15 256Gb Pink;Pink;#FFC0CB;art_4244
Apple iPhone 15 256Gb Green;Apple;Apple iPhone 15 256Gb Green;Green;#008000;art_4243
Apple iPhone 15 256Gb Blue;Apple;Apple iPhone 15 256Gb Blue;Blue;#0000FF;art_4242
Apple iPhone 15 256Gb Black;Apple;Apple iPhone 15 256Gb Black;Black;#000000;art_4241
Apple iPhone 15 128Gb Yellow;Apple;Apple iPhone 15 128Gb Yellow;Yellow;#FFFF00;art_4240
Apple iPhone 15 128Gb Pink;Apple;Apple iPhone 15 128Gb Pink;Pink;#FFC0CB;art_4239
Apple iPhone 15 128Gb Green;Apple;Apple iPhone 15 128Gb Green;Green;#008000;art_4238
Apple iPhone 15 128Gb Blue;Apple;Apple iPhone 15 128Gb Blue;Blue;#0000FF;art_4237
Apple iPhone 15 128Gb Black;Apple;Apple iPhone 15 128Gb Black;Black;#000000;art_4236
Apple iPhone 15 Pro 512Gb White Titanium;Apple;Apple iPhone 15 Pro 512Gb White Titanium;White Titanium;#FFFFFF;art_4235
Apple iPhone 15 Pro 512Gb Natural Titanium;Apple;Apple iPhone 15 Pro 512Gb Natural Titanium;Natural Titanium;#D2B48C;art_4234
Apple iPhone 15 Pro 512Gb Blue Titanium;Apple;Apple iPhone 15 Pro 512Gb Blue Titanium;Blue Titanium;#0000FF;art_4233
Apple iPhone 15 Pro 512Gb Black Titanium;Apple;Apple iPhone 15 Pro 512Gb Black Titanium;Black Titanium;#000000;art_4232
Apple iPhone 15 Pro 256Gb White Titanium;Apple;Apple iPhone 15 Pro 256Gb White Titanium;White Titanium;#FFFFFF;art_4231
Apple iPhone 15 Pro 256Gb Natural Titanium;Apple;Apple iPhone 15 Pro 256Gb Natural Titanium;Natural Titanium;#D2B48C;art_4230
Apple iPhone 15 Pro 256Gb Blue Titanium;Apple;Apple iPhone 15 Pro 256Gb Blue Titanium;Blue Titanium;#0000FF;art_4229
Apple iPhone 15 Pro 256Gb Black Titanium;Apple;Apple iPhone 15 Pro 256Gb Black Titanium;Black Titanium;#000000;art_4228
Apple iPhone 15 Pro 1Tb White Titanium;Apple;Apple iPhone 15 Pro 1Tb White Titanium;White Titanium;#FFFFFF;art_4227
Apple iPhone 15 Pro 1Tb Natural Titanium;Apple;Apple iPhone 15 Pro 1Tb Natural Titanium;Natural Titanium;#D2B48C;art_4226
Apple iPhone 15 Pro 1Tb Blue Titanium;Apple;Apple iPhone 15 Pro 1Tb Blue Titanium;Blue Titanium;#0000FF;art_4225
Apple iPhone 15 Pro 1Tb Black Titanium;Apple;Apple iPhone 15 Pro 1Tb Black Titanium;Black Titanium;#000000;art_4224
Apple iPhone 15 Pro 128Gb White Titanium;Apple;Apple iPhone 15 Pro 128Gb White Titanium;White Titanium;#FFFFFF;art_4223
Apple iPhone 15 Pro 128Gb Natural Titanium;Apple;Apple iPhone 15 Pro 128Gb Natural Titanium;Natural Titanium;#D2B48C;art_4222
Apple iPhone 15 Pro 128Gb Blue Titanium;Apple;Apple iPhone 15 Pro 128Gb Blue Titanium;Blue Titanium;#0000FF;art_4221
Apple iPhone 15 Pro 128Gb Black Titanium;Apple;Apple iPhone 15 Pro 128Gb Black Titanium;Black Titanium;#000000;art_4220
Samsung Galaxy A56 12Gb/256Gb Graphite;Samsung;Samsung Galaxy A56 12Gb/256Gb Graphite;Graphite;#474a51;art_4219
Samsung Galaxy A36 8Gb/256Gb White;Samsung;Samsung Galaxy A36 8Gb/256Gb White;White;#ffffff;art_4218
Samsung Galaxy A36 8Gb/256Gb Lime;Samsung;Samsung Galaxy A36 8Gb/256Gb Lime;Lime;#32cd32;art_4217
Samsung Galaxy A36 8Gb/256Gb Lavender;Samsung;Samsung Galaxy A36 8Gb/256Gb Lavender;Lavender;#e6e6fa;art_4216
Samsung Galaxy A36 8Gb/256Gb Black;Samsung;Samsung Galaxy A36 8Gb/256Gb Black;Black;#000000;art_4215
Samsung Galaxy A36 8Gb/128Gb White;Samsung;Samsung Galaxy A36 8Gb/128Gb White;White;#ffffff;art_4214
Samsung Galaxy A36 8Gb/128Gb Lime;Samsung;Samsung Galaxy A36 8Gb/128Gb Lime;Lime;#32cd32;art_4213
Samsung Galaxy A36 8Gb/128Gb Lavender;Samsung;Samsung Galaxy A36 8Gb/128Gb Lavender;Lavender;#e6e6fa;art_4212
Samsung Galaxy A36 8Gb/128Gb Black;Samsung;Samsung Galaxy A36 8Gb/128Gb Black;Black;#000000;art_4211
Samsung Galaxy A36 6Gb/128Gb White;Samsung;Samsung Galaxy A36 6Gb/128Gb White;White;#ffffff;art_4210
Samsung Galaxy A36 6Gb/128Gb Lime;Samsung;Samsung Galaxy A36 6Gb/128Gb Lime;Lime;#32cd32;art_4209
Samsung Galaxy A36 6Gb/128Gb Lavender;Samsung;Samsung Galaxy A36 6Gb/128Gb Lavender;Lavender;#e6e6fa;art_4208
Samsung Galaxy A36 6Gb/128Gb Black;Samsung;Samsung Galaxy A36 6Gb/128Gb Black;Black;#000000;art_4207
Samsung Galaxy A36 12Gb/256Gb White;Samsung;Samsung Galaxy A36 12Gb/256Gb White;White;#ffffff;art_4206
Samsung Galaxy A36 12Gb/256Gb Lime;Samsung;Samsung Galaxy A36 12Gb/256Gb Lime;Lime;#32cd32;art_4205
Samsung Galaxy A36 12Gb/256Gb Lavender;Samsung;Samsung Galaxy A36 12Gb/256Gb Lavender;Lavender;#e6e6fa;art_4204
Samsung Galaxy A36 12Gb/256Gb Black;Samsung;Samsung Galaxy A36 12Gb/256Gb Black;Black;#000000;art_4203
Samsung Galaxy A26 8Gb/256Gb White;Samsung;Samsung Galaxy A26 8Gb/256Gb White;White;#ffffff;art_4202
Samsung Galaxy A26 8Gb/256Gb Mint;Samsung;Samsung Galaxy A26 8Gb/256Gb Mint;Mint;#98ff98;art_4201
Samsung Galaxy A26 8Gb/256Gb Black;Samsung;Samsung Galaxy A26 8Gb/256Gb Black;Black;#000000;art_4200
Samsung Galaxy A26 6Gb/128Gb White;Samsung;Samsung Galaxy A26 6Gb/128Gb White;White;#ffffff;art_4199
Samsung Galaxy A26 6Gb/128Gb Mint;Samsung;Samsung Galaxy A26 6Gb/128Gb Mint;Mint;#98ff98;art_4198
Samsung Galaxy A26 6Gb/128Gb Black;Samsung;Samsung Galaxy A26 6Gb/128Gb Black;Black;#000000;art_4197
POCO F7 12Gb/512Gb White;POCO;POCO F7 12Gb/512Gb White;White;#FFFFFF;art_4196
POCO F7 12Gb/512Gb Silver;POCO;POCO F7 12Gb/512Gb Silver;Silver;#C0C0C0;art_4195
POCO F7 12Gb/512Gb Black;POCO;POCO F7 12Gb/512Gb Black;Black;#000000;art_4194
POCO F7 12Gb/256Gb White;POCO;POCO F7 12Gb/256Gb White;White;#FFFFFF;art_4193
POCO F7 12Gb/256Gb Silver;POCO;POCO F7 12Gb/256Gb Silver;Silver;#C0C0C0;art_4192
POCO F7 12Gb/256Gb Black;POCO;POCO F7 12Gb/256Gb Black;Black;#000000;art_4191
OnePlus Nord 5 8Gb/256Gb Phantom Grey;OnePlus;OnePlus Nord 5 8Gb/256Gb Phantom Grey;Phantom Grey;#555555;art_4190
OnePlus Nord 5 8Gb/256Gb Marble Sands;OnePlus;OnePlus Nord 5 8Gb/256Gb Marble Sands;Marble Sands;#E1D9D1;art_4189
OnePlus Nord 5 8Gb/256Gb Dry Ice;OnePlus;OnePlus Nord 5 8Gb/256Gb Dry Ice;Dry Ice;#F5FFFA;art_4188
OnePlus Nord 5 12Gb/512Gb Phantom Grey;OnePlus;OnePlus Nord 5 12Gb/512Gb Phantom Grey;Phantom Grey;#555555;art_4187
OnePlus Nord 5 12Gb/512Gb Marble Sands;OnePlus;OnePlus Nord 5 12Gb/512Gb Marble Sands;Marble Sands;#E1D9D1;art_4186
OnePlus Nord 5 12Gb/512Gb Dry Ice;OnePlus;OnePlus Nord 5 12Gb/512Gb Dry Ice;Dry Ice;#F5FFFA;art_4185
Nubia RedMagic 10S Pro 24Gb/1Tb Moonlight;ZTE;Nubia RedMagic 10S Pro 24Gb/1Tb Moonlight;Moonlight;#CED9E0;art_4184
Nubia RedMagic 10S Pro 24Gb/1Tb Dusk;ZTE;Nubia RedMagic 10S Pro 24Gb/1Tb Dusk;Dusk;#4B0082;art_4183
Nubia RedMagic 10S Pro 16Gb/512Gb Moonlight;ZTE;Nubia RedMagic 10S Pro 16Gb/512Gb Moonlight;Moonlight;#CED9E0;art_4182
Nubia RedMagic 10S Pro 16Gb/512Gb Dusk;ZTE;Nubia RedMagic 10S Pro 16Gb/512Gb Dusk;Dusk;#4B0082;art_4181
Nubia RedMagic 10S Pro 12Gb/256Gb Nightfall;ZTE;Nubia RedMagic 10S Pro 12Gb/256Gb Nightfall;Nightfall;#191970;art_4180
Samsung Galaxy Z Flip7 12Gb/512Gb Mint;Samsung;Samsung Galaxy Z Flip7 12Gb/512Gb Mint;Mint;#98FF98;art_4179
Samsung Galaxy Z Flip7 12Gb/512Gb Jet Black;Samsung;Samsung Galaxy Z Flip7 12Gb/512Gb Jet Black;Jet Black;#343434;art_4178
Samsung Galaxy Z Flip7 12Gb/512Gb Coral Red;Samsung;Samsung Galaxy Z Flip7 12Gb/512Gb Coral Red;Coral Red;#FF7F50;art_4177
Samsung Galaxy Z Flip7 12Gb/512Gb Blue Shadow;Samsung;Samsung Galaxy Z Flip7 12Gb/512Gb Blue Shadow;Blue Shadow;#0000FF;art_4176
Samsung Galaxy Z Flip7 12Gb/256Gb Mint;Samsung;Samsung Galaxy Z Flip7 12Gb/256Gb Mint;Mint;#98FF98;art_4175
Samsung Galaxy Z Flip7 12Gb/256Gb Jet Black;Samsung;Samsung Galaxy Z Flip7 12Gb/256Gb Jet Black;Jet Black;#343434;art_4174
Samsung Galaxy Z Flip7 12Gb/256Gb Coral Red;Samsung;Samsung Galaxy Z Flip7 12Gb/256Gb Coral Red;Coral Red;#FF7F50;art_4173
Samsung Galaxy Z Flip7 12Gb/256Gb Blue Shadow;Samsung;Samsung Galaxy Z Flip7 12Gb/256Gb Blue Shadow;Blue Shadow;#0000FF;art_4172
